,original_longitude,original_latitude
0,174.7685883,-36.8540765
1,174.768555,-36.8540118
2,174.7685912,-36.8540347
3,174.7685877,-36.8540245
4,174.7685941,-36.8540278
5,174.7686042,-36.8540396
6,174.7685711,-36.8540424
7,174.7685698,-36.8540486
8,174.7685706,-36.8540635
9,174.768553,-36.8540589
10,174.7685624,-36.8540776
11,174.7685471,-36.8540993
12,174.7685336,-36.8541034
13,174.7685197,-36.85412
14,174.7685066,-36.8541258
15,174.7684956,-36.854132
16,174.768484,-36.8541395
17,174.76847,-36.8541416
18,174.7684698,-36.8541544
19,174.7684561,-36.8541726
20,174.7684506,-36.8541836
21,174.7684447,-36.8541897
22,174.7684303,-36.8541832
23,174.7684329,-36.8541898
24,174.7684397,-36.8541966
25,174.7684576,-36.8542047
26,174.7684718,-36.8542118
27,174.7684806,-36.8542172
28,174.7684819,-36.8542172
29,174.7684914,-36.8542256
30,174.7684899,-36.8542303
31,174.7684936,-36.8542366
32,174.7684941,-36.8542432
33,174.7684945,-36.8542516
34,174.7684961,-36.854285
35,174.7684864,-36.8543121
36,174.76848,-36.8543529
37,174.7684803,-36.8543677
38,174.7684912,-36.8543706
39,174.768496,-36.854379
40,174.7685015,-36.8543907
41,174.7685145,-36.8543996
42,174.7685251,-36.8544066
43,174.7685335,-36.8544141
44,174.7685389,-36.8544175
45,174.7685556,-36.8544229
46,174.7685642,-36.8544312
47,174.7685682,-36.8544387
48,174.768584,-36.8544448
49,174.7685964,-36.8544516
50,174.7686066,-36.8544594
51,174.7686171,-36.8544685
52,174.7686251,-36.8544754
53,174.7686381,-36.8544828
54,174.7686445,-36.8544908
55,174.7686512,-36.8545002
56,174.7686523,-36.8545088
57,174.7686568,-36.8545152
58,174.768656,-36.8545257
59,174.7686594,-36.854537
60,174.7686615,-36.8545456
61,174.7686677,-36.8545548
62,174.7686699,-36.8545695
63,174.7686675,-36.8545824
64,174.7686714,-36.8545946
65,174.7686739,-36.854603
66,174.7686799,-36.8546131
67,174.7686813,-36.8546253
68,174.7686828,-36.8546375
69,174.7686813,-36.8546503
70,174.7686827,-36.8546637
71,174.7686801,-36.8546844
72,174.7686729,-36.8547051
73,174.7686599,-36.8547171
74,174.7686481,-36.854731
75,174.7686402,-36.8547372
76,174.7686301,-36.8547487
77,174.7686155,-36.854763
78,174.7686066,-36.8547752
79,174.7685917,-36.8547867
80,174.7685779,-36.8547949
81,174.7685637,-36.8547969
82,174.7685532,-36.8548043
83,174.7685483,-36.8548055
84,174.7685413,-36.8548141
85,174.7685306,-36.8548218
86,174.7685164,-36.8548297
87,174.7685041,-36.854836
88,174.7684871,-36.8548419
89,174.7684768,-36.854845
90,174.7684502,-36.8548447
91,174.7684464,-36.8548453
92,174.7684634,-36.8548474
93,174.7684785,-36.8548568
94,174.7684954,-36.8548724
95,174.7685018,-36.854882
96,174.7685094,-36.8548928
97,174.7685186,-36.854901
98,174.7685281,-36.8549091
99,174.7685248,-36.8549141
100,174.7685203,-36.8549234
101,174.7685135,-36.8549341
102,174.7685108,-36.8549448
103,174.7685087,-36.8549551
104,174.7685158,-36.8549625
105,174.7685225,-36.8549618
106,174.7685262,-36.8549633
107,174.7685302,-36.8549648
108,174.7685313,-36.8549665
109,174.7685375,-36.854966
110,174.7685487,-36.8549677
111,174.7685609,-36.854982
112,174.7685725,-36.8549984
113,174.7685938,-36.8550109
114,174.7686079,-36.8550309
115,174.7686146,-36.8550523
116,174.7686161,-36.8550734
117,174.7686141,-36.8550961
118,174.7686102,-36.8551231
119,174.7686204,-36.8551449
120,174.768634,-36.8551729
121,174.7686403,-36.8551935
122,174.7686577,-36.8552089
123,174.7686768,-36.8552166
124,174.7686989,-36.855219
125,174.7687194,-36.8552136
126,174.768735,-36.8552045
127,174.7687445,-36.8551905
128,174.7687518,-36.8551742
129,174.7687602,-36.8551391
130,174.7687695,-36.8551043
131,174.7687781,-36.8550819
132,174.7687824,-36.8550537
133,174.7688033,-36.8550348
134,174.7688257,-36.8550056
135,174.7688707,-36.8549742
136,174.7689256,-36.8549508
137,174.7689759,-36.8549436
138,174.7690305,-36.8549391
139,174.7690897,-36.8549417
140,174.7691281,-36.85494
141,174.7691707,-36.8548535
142,174.7692124,-36.8548385
143,174.7692619,-36.8548088
144,174.7693118,-36.854793
145,174.7693687,-36.8547829
146,174.7694306,-36.8547733
147,174.7694883,-36.8547715
148,174.7695335,-36.8547725
149,174.7695817,-36.8547618
150,174.7696291,-36.8547438
151,174.7696628,-36.8547194
152,174.7696952,-36.8546907
153,174.7697251,-36.8546581
154,174.7697613,-36.8546252
155,174.7697928,-36.8545959
156,174.7698188,-36.8545675
157,174.7698431,-36.8545363
158,174.7698624,-36.8545046
159,174.7698903,-36.8544671
160,174.7699201,-36.8544299
161,174.7699438,-36.8543942
162,174.7699676,-36.8543595
163,174.7699943,-36.854323
164,174.7700208,-36.8542955
165,174.7700456,-36.854254
166,174.7700723,-36.8542148
167,174.7701259,-36.8541761
168,174.7701607,-36.8541538
169,174.7701972,-36.8541301
170,174.7702562,-36.8541013
171,174.7703015,-36.8540793
172,174.7703593,-36.8540526
173,174.7704212,-36.8540199
174,174.7704792,-36.8539886
175,174.7705106,-36.853979
176,174.770545,-36.8539665
177,174.7705746,-36.8539613
178,174.7706064,-36.8539544
179,174.7706259,-36.8539499
180,174.7706432,-36.8539458
181,174.7706449,-36.8539475
182,174.7706532,-36.8539473
183,174.770661,-36.853947
184,174.770663,-36.8539477
185,174.7706669,-36.8539481
186,174.7706709,-36.8539481
187,174.7706764,-36.8539479
188,174.7706803,-36.8539487
189,174.7706805,-36.8539495
190,174.770681,-36.8539506
191,174.7706822,-36.8539518
192,174.7706819,-36.8539524
193,174.7706813,-36.853953
194,174.7706811,-36.8539539
195,174.7706813,-36.8539551
196,174.7706817,-36.8539564
197,174.7706834,-36.853958
198,174.7706849,-36.8539582
199,174.7706868,-36.8539583
200,174.7706869,-36.8539587
201,174.7706872,-36.853959
202,174.7706872,-36.8539588
203,174.7706872,-36.8539589
204,174.7706874,-36.8539584
205,174.7706865,-36.853959
206,174.7706867,-36.8539602
207,174.7706865,-36.8539612
208,174.7706866,-36.8539623
209,174.7706869,-36.8539632
210,174.7706879,-36.8539634
211,174.7706882,-36.8539652
212,174.7706888,-36.8539668
213,174.7706894,-36.8539691
214,174.7706898,-36.8539712
215,174.7706903,-36.8539738
216,174.7706908,-36.8539763
217,174.7706907,-36.853978
218,174.7706903,-36.8539794
219,174.7706905,-36.8539791
220,174.770691,-36.8539798
221,174.7706914,-36.85398
222,174.7706919,-36.8539809
223,174.7706942,-36.8539815
224,174.7706957,-36.8539819
225,174.7706989,-36.8539818
226,174.7707028,-36.853982
227,174.7707087,-36.853983
228,174.7707138,-36.853984
229,174.7707184,-36.8539812
230,174.7707227,-36.853979
231,174.7707257,-36.8539773
232,174.77073,-36.8539749
233,174.770733,-36.8539733
234,174.7707367,-36.8539742
235,174.7707538,-36.853981
236,174.7707762,-36.8539829
237,174.7707968,-36.8539891
238,174.7708199,-36.8539929
239,174.7708317,-36.8540174
240,174.7708639,-36.8540362
241,174.7708917,-36.8540501
242,174.770917,-36.8540536
243,174.77094,-36.8540503
244,174.7709471,-36.8540545
245,174.7709886,-36.8540262
246,174.77103,-36.8540047
247,174.7710651,-36.8539881
248,174.7710982,-36.8539638
249,174.7711385,-36.8539472
250,174.7711936,-36.8539203
251,174.7712576,-36.8538873
252,174.7713195,-36.8538549
253,174.7713745,-36.853821
254,174.7714191,-36.8537825
255,174.7714706,-36.8537515
256,174.7715157,-36.8537132
257,174.7715578,-36.8536689
258,174.7715919,-36.8536294
259,174.7716267,-36.8535887
260,174.7716541,-36.853552
261,174.7716826,-36.8535122
262,174.7717046,-36.853466
263,174.771735,-36.8534229
264,174.7717705,-36.8533896
265,174.7718077,-36.8533681
266,174.7718486,-36.8533469
267,174.771891,-36.8533249
268,174.7719647,-36.8532899
269,174.7720226,-36.8532725
270,174.7720689,-36.8532541
271,174.7721332,-36.8532347
272,174.7722003,-36.8532173
273,174.7722761,-36.853193
274,174.7723463,-36.8531676
275,174.772416,-36.8531421
276,174.7724801,-36.8531195
277,174.7725504,-36.8530962
278,174.7726119,-36.8530796
279,174.7726793,-36.8530578
280,174.7727441,-36.8530358
281,174.772806,-36.8530119
282,174.7728728,-36.8529785
283,174.7729303,-36.8529432
284,174.7729807,-36.8529065
285,174.7730239,-36.8528734
286,174.7730701,-36.852839
287,174.7731143,-36.8528012
288,174.7731529,-36.8527613
289,174.7731911,-36.8527211
290,174.7732265,-36.8526846
291,174.7732572,-36.8526515
292,174.7732884,-36.8526256
293,174.7733357,-36.8525937
294,174.7733672,-36.8525698
295,174.7733925,-36.8525455
296,174.7734288,-36.8525238
297,174.7734536,-36.8525142
298,174.7734891,-36.8525069
299,174.7735234,-36.8525004
300,174.773543,-36.8524972
301,174.773558,-36.8524873
302,174.7735631,-36.8524909
303,174.773574,-36.8524849
304,174.7735748,-36.852485
305,174.773575,-36.8524851
306,174.773575,-36.8524851
307,174.7735748,-36.852485
308,174.7735747,-36.852485
309,174.7735744,-36.8524848
310,174.7735748,-36.8524855
311,174.7735752,-36.8524858
312,174.7735755,-36.8524866
313,174.7735756,-36.8524864
314,174.7735756,-36.8524868
315,174.7735755,-36.8524867
316,174.7735756,-36.8524867
317,174.7735755,-36.8524867
318,174.7735783,-36.8524877
319,174.773595,-36.8524962
320,174.7736193,-36.8525024
321,174.7736345,-36.8525014
322,174.7736428,-36.8524998
323,174.7736444,-36.8524975
324,174.7736428,-36.8524996
325,174.7736411,-36.852501
326,174.7736439,-36.8524959
327,174.7736446,-36.852494
328,174.7736458,-36.8524923
329,174.7736468,-36.8524899
330,174.7736475,-36.8524885
331,174.7736486,-36.8524873
332,174.7736493,-36.852486
333,174.7736503,-36.8524851
334,174.7736513,-36.8524843
335,174.7736517,-36.852484
336,174.7736517,-36.8524846
337,174.7736512,-36.8524852
338,174.7736503,-36.8524852
339,174.7736482,-36.8524865
340,174.773628,-36.8524916
341,174.7736143,-36.8524988
342,174.7736107,-36.8525017
343,174.7736031,-36.8525068
344,174.7736008,-36.8525088
345,174.7736015,-36.8525118
346,174.7736038,-36.8525153
347,174.7736054,-36.8525196
348,174.7736044,-36.8525233
349,174.7735992,-36.8525257
350,174.7735981,-36.8525302
351,174.7736012,-36.8525316
352,174.7736108,-36.8525253
353,174.7736075,-36.8525286
354,174.7736106,-36.8525288
355,174.7736057,-36.8525367
356,174.7736049,-36.8525369
357,174.7736046,-36.852536
358,174.7736048,-36.8525351
359,174.773603,-36.8525346
360,174.7736019,-36.8525351
361,174.7736025,-36.8525355
362,174.773602,-36.8525355
363,174.7736024,-36.852536
364,174.7736035,-36.8525358
365,174.7736041,-36.8525353
366,174.7736047,-36.8525361
367,174.7736045,-36.8525377
368,174.7736055,-36.8525386
369,174.7736071,-36.8525396
370,174.7736085,-36.85254
371,174.7736089,-36.8525385
372,174.7736104,-36.8525382
373,174.7736107,-36.852538
374,174.7736112,-36.8525381
375,174.7736111,-36.8525379
376,174.7736115,-36.8525371
377,174.7736118,-36.8525359
378,174.77361,-36.8525288
379,174.7736093,-36.8525281
380,174.7736088,-36.8525283
381,174.7736086,-36.852529
382,174.7736085,-36.8525292
383,174.7736079,-36.8525291
384,174.7736078,-36.8525295
385,174.7736079,-36.8525299
386,174.773609,-36.8525302
387,174.7736095,-36.8525292
388,174.7736093,-36.8525293
389,174.7736095,-36.8525295
390,174.7736089,-36.8525301
391,174.7736083,-36.8525303
392,174.7736091,-36.8525302
393,174.7736098,-36.8525298
394,174.773603,-36.8525186
395,174.7736113,-36.852494
396,174.7736242,-36.8524766
397,174.7736444,-36.852458
398,174.7736718,-36.8524357
399,174.7736986,-36.8524125
400,174.7737199,-36.8523924
401,174.7737293,-36.8523734
402,174.7737252,-36.8523558
403,174.7737163,-36.8523416
404,174.7737034,-36.852305
405,174.773699,-36.8522902
406,174.7736942,-36.8522792
407,174.7736912,-36.8522729
408,174.7736901,-36.8522653
409,174.7736905,-36.8522522
410,174.7736921,-36.8522393
411,174.7736948,-36.852233
412,174.7736986,-36.8522272
413,174.7737029,-36.852216
414,174.7737069,-36.8522067
415,174.7737014,-36.8521921
416,174.7737026,-36.8521835
417,174.7737011,-36.8521735
418,174.773701,-36.8521639
419,174.773701,-36.852156
420,174.7737008,-36.8521479
421,174.7737022,-36.8521405
422,174.7737009,-36.8521337
423,174.7737001,-36.8521271
424,174.7736977,-36.8521226
425,174.7736953,-36.8521161
426,174.7736924,-36.8521102
427,174.7736866,-36.852108
428,174.773685,-36.8521012
429,174.7736846,-36.8520953
430,174.7736825,-36.8520891
431,174.7736833,-36.8520843
432,174.7736825,-36.8520792
433,174.7736824,-36.8520722
434,174.7736787,-36.852063
435,174.773676,-36.8520543
436,174.773677,-36.8520448
437,174.773676,-36.8520357
438,174.7736751,-36.852029
439,174.7736815,-36.8520065
440,174.7736832,-36.8519748
441,174.7736736,-36.8519363
442,174.7736766,-36.8519078
443,174.77368,-36.8518761
444,174.7736833,-36.8518408
445,174.7736931,-36.8518046
446,174.7736998,-36.8517677
447,174.7737013,-36.8517337
448,174.7737101,-36.8516854
449,174.7737226,-36.8516401
450,174.773735,-36.8515937
451,174.773748,-36.8515401
452,174.773758,-36.8514903
453,174.7737744,-36.851443
454,174.7737899,-36.8513925
455,174.7738082,-36.8513486
456,174.773824,-36.8512982
457,174.773839,-36.8512466
458,174.7738527,-36.8511934
459,174.7738682,-36.8511394
460,174.7738861,-36.8510844
461,174.7738929,-36.8510319
462,174.7739021,-36.8509797
463,174.7739142,-36.8509211
464,174.7739339,-36.8508648
465,174.7739535,-36.8508097
466,174.7739726,-36.850758
467,174.7739976,-36.8507087
468,174.774028,-36.8506646
469,174.774063,-36.850621
470,174.7740975,-36.8505843
471,174.7741336,-36.8505459
472,174.7741709,-36.8505078
473,174.7742063,-36.8504811
474,174.7742371,-36.8504589
475,174.7742633,-36.8504414
476,174.7742891,-36.8504195
477,174.7743155,-36.8503947
478,174.7743354,-36.8503726
479,174.7743598,-36.8503416
480,174.7743778,-36.8503025
481,174.7743924,-36.8502622
482,174.7744064,-36.8502238
483,174.7744181,-36.8501824
484,174.7744236,-36.8501398
485,174.7744249,-36.850098
486,174.7744255,-36.8500589
487,174.7744233,-36.8500169
488,174.7744234,-36.8499767
489,174.7744175,-36.8499337
490,174.7744097,-36.8498987
491,174.7743967,-36.8498575
492,174.7743991,-36.8498193
493,174.7744066,-36.8497828
494,174.7744067,-36.8497503
495,174.7744106,-36.8497075
496,174.7743952,-36.8496724
497,174.7743634,-36.8496412
498,174.7743454,-36.8496058
499,174.7743239,-36.8495631
500,174.7743207,-36.8495248
501,174.7743124,-36.849494
502,174.7743375,-36.8494376
503,174.7743498,-36.8493856
504,174.7743534,-36.8493418
505,174.7743568,-36.8492991
506,174.774359,-36.8492563
507,174.7743413,-36.8492113
508,174.7743311,-36.8491634
509,174.7743232,-36.8491153
510,174.7743059,-36.8490719
511,174.7742865,-36.8490275
512,174.7742975,-36.8489758
513,174.7743214,-36.8489294
514,174.7743508,-36.8488861
515,174.7743773,-36.8488447
516,174.774403,-36.8488027
517,174.7744218,-36.8487643
518,174.774434,-36.8487215
519,174.7744334,-36.8486775
520,174.7744239,-36.8486307
521,174.7744098,-36.8485912
522,174.7743999,-36.8485569
523,174.7743862,-36.8485229
524,174.7743683,-36.8484907
525,174.7743552,-36.8484599
526,174.7743427,-36.8484225
527,174.7743314,-36.848386
528,174.7743326,-36.8483447
529,174.774323,-36.8482954
530,174.7743152,-36.8482492
531,174.7743002,-36.8482068
532,174.774285,-36.8481662
533,174.7742666,-36.8481266
534,174.7742497,-36.8480857
535,174.7742331,-36.8480486
536,174.7742129,-36.8480054
537,174.7741968,-36.8479729
538,174.7741852,-36.847939
539,174.7741736,-36.8479099
540,174.7741587,-36.8478791
541,174.7741435,-36.8478498
542,174.7741291,-36.8478193
543,174.7741263,-36.847785
544,174.7741208,-36.8477532
545,174.7740702,-36.8477263
546,174.7740562,-36.8476936
547,174.7740423,-36.8476565
548,174.7740321,-36.8476151
549,174.7740335,-36.8475756
550,174.7740429,-36.8475371
551,174.77406,-36.8475045
552,174.7740747,-36.8474592
553,174.7740925,-36.8474132
554,174.7741091,-36.8473728
555,174.7741423,-36.8473546
556,174.7741637,-36.8473208
557,174.7741869,-36.8473057
558,174.774214,-36.8472985
559,174.7742457,-36.8472795
560,174.7742744,-36.8472593
561,174.7742977,-36.8472343
562,174.7742894,-36.8471807
563,174.7743066,-36.8471401
564,174.7743251,-36.847107
565,174.7743432,-36.8470753
566,174.7743623,-36.8470487
567,174.7743744,-36.8470318
568,174.774389,-36.8470092
569,174.7744013,-36.8469881
570,174.7744111,-36.8469642
571,174.774425,-36.8469419
572,174.7744439,-36.846919
573,174.7744711,-36.8469006
574,174.7745064,-36.8468934
575,174.7745536,-36.8468882
576,174.7745858,-36.8468836
577,174.7746258,-36.846882
578,174.7746709,-36.8468809
579,174.7746932,-36.8468866
580,174.774711,-36.8468873
581,174.7747246,-36.8468954
582,174.7747301,-36.8469008
583,174.7747382,-36.8469029
584,174.7747465,-36.8469054
585,174.7747562,-36.8469093
586,174.7747814,-36.8469071
587,174.7748009,-36.8469015
588,174.7748267,-36.8468878
589,174.7748479,-36.8468717
590,174.7748676,-36.8468563
591,174.7748745,-36.846834
592,174.774879,-36.8468127
593,174.7749016,-36.8467844
594,174.7749076,-36.8467682
595,174.7749063,-36.8467572
596,174.7749028,-36.8467464
597,174.7749023,-36.8467132
598,174.7748994,-36.8466886
599,174.7749019,-36.8466664
600,174.7749027,-36.8466435
601,174.7749036,-36.8466177
602,174.7749096,-36.8465898
603,174.7749164,-36.8465633
604,174.7749136,-36.8465391
605,174.7749117,-36.8465126
606,174.774912,-36.8464843
607,174.7749145,-36.8464563
608,174.7749122,-36.8464341
609,174.7749151,-36.8464079
610,174.7749114,-36.8463838
611,174.7749194,-36.8463549
612,174.7749486,-36.8462991
613,174.7749835,-36.8462416
614,174.7750102,-36.8462046
615,174.7750348,-36.8461705
616,174.7750507,-36.8461435
617,174.7750638,-36.8461198
618,174.7750776,-36.846099
619,174.7750867,-36.846076
620,174.7750974,-36.8460562
621,174.7751072,-36.846046
622,174.7751158,-36.846024
623,174.7751184,-36.8460116
624,174.7751207,-36.8460018
625,174.775126,-36.8459957
626,174.7751253,-36.8459945
627,174.7751283,-36.8459834
628,174.7751254,-36.8459751
629,174.7751218,-36.8459701
630,174.7751212,-36.84597
631,174.7751214,-36.8459707
632,174.775121,-36.8459709
633,174.7751206,-36.8459703
634,174.7751205,-36.8459708
635,174.7751206,-36.8459714
636,174.7751206,-36.8459711
637,174.7751203,-36.8459709
638,174.7751207,-36.8459711
639,174.7751214,-36.8459718
640,174.7751221,-36.8459712
641,174.7751239,-36.8459699
642,174.7751254,-36.8459687
643,174.7751254,-36.8459686
644,174.7751263,-36.8459681
645,174.7751268,-36.8459676
646,174.7751272,-36.8459674
647,174.7751286,-36.8459662
648,174.7751303,-36.8459649
649,174.7751321,-36.8459638
650,174.7751337,-36.8459629
651,174.7751361,-36.8459614
652,174.7751377,-36.84596
653,174.7751388,-36.8459592
654,174.7751391,-36.8459591
655,174.7751397,-36.8459585
656,174.775141,-36.8459578
657,174.7751427,-36.8459567
658,174.7751438,-36.845956
659,174.7751452,-36.8459553
660,174.7751464,-36.8459544
661,174.7751488,-36.8459528
662,174.7751506,-36.8459518
663,174.7751522,-36.8459505
664,174.7751533,-36.8459497
665,174.7751532,-36.8459498
666,174.7751535,-36.8459505
667,174.7751537,-36.8459505
668,174.7751556,-36.8459505
669,174.7751573,-36.8459495
670,174.7751584,-36.8459494
671,174.7751591,-36.8459494
672,174.7751598,-36.8459503
673,174.7751599,-36.8459507
674,174.7751584,-36.8459492
675,174.7751569,-36.8459479
676,174.7751546,-36.8459462
677,174.7751466,-36.8459389
678,174.7751425,-36.8459348
679,174.775135,-36.8459309
680,174.77513,-36.8459257
681,174.7751283,-36.8459246
682,174.7751276,-36.8459241
683,174.7751274,-36.8459236
684,174.7751267,-36.845923
685,174.7751268,-36.8459228
686,174.7751262,-36.8459224
687,174.7751257,-36.8459223
688,174.7751253,-36.845922
689,174.7751249,-36.845922
690,174.7751247,-36.8459206
691,174.7751248,-36.8459186
692,174.7751246,-36.8459172
693,174.7751248,-36.8459158
694,174.7751259,-36.8459147
695,174.7751261,-36.8459133
696,174.7751264,-36.8459127
697,174.7751261,-36.8459125
698,174.7751253,-36.8459115
699,174.775125,-36.8459104
700,174.7751247,-36.8459092
701,174.775124,-36.8459091
702,174.775123,-36.8459071
703,174.7751223,-36.8459051
704,174.7751215,-36.8459039
705,174.775121,-36.845903
706,174.7751211,-36.8459019
707,174.7751223,-36.845902
708,174.775122,-36.8459016
709,174.7751219,-36.8459016
710,174.7751225,-36.8459017
711,174.7751239,-36.8459006
712,174.7751269,-36.8458808
713,174.7751341,-36.8458612
714,174.7751385,-36.845841
715,174.7751608,-36.8458289
716,174.7751756,-36.8458179
717,174.775185,-36.8458118
718,174.7751995,-36.8458039
719,174.7752213,-36.8458065
720,174.7752359,-36.8457956
721,174.7752631,-36.845795
722,174.7752993,-36.8457956
723,174.7753303,-36.8458001
724,174.7753607,-36.8458173
725,174.7753908,-36.8458417
726,174.7754209,-36.8458685
727,174.7754602,-36.8458895
728,174.7754997,-36.8459105
729,174.7755483,-36.8459248
730,174.7755995,-36.8459414
731,174.7756427,-36.8459615
732,174.7756879,-36.8459818
733,174.7757285,-36.846003
734,174.7757734,-36.8460233
735,174.7758189,-36.8460424
736,174.7758579,-36.8460587
737,174.7758986,-36.8460771
738,174.7759389,-36.8460962
739,174.7759858,-36.8461129
740,174.7760289,-36.8461331
741,174.7760688,-36.8461541
742,174.7761144,-36.8461716
743,174.7761575,-36.8461921
744,174.7762038,-36.8462032
745,174.7762434,-36.846222
746,174.7762907,-36.8462347
747,174.7763391,-36.84625
748,174.7763897,-36.8462634
749,174.7764306,-36.8462783
750,174.7764815,-36.846292
751,174.7765136,-36.8462998
752,174.7765474,-36.8463274
753,174.7766046,-36.8463423
754,174.7766557,-36.8463595
755,174.776717,-36.846372
756,174.7767676,-36.8463861
757,174.7768166,-36.8464014
758,174.7768648,-36.8464155
759,174.7769133,-36.8464289
760,174.776969,-36.8464454
761,174.7770221,-36.8464759
762,174.7770646,-36.8464887
763,174.7770962,-36.846503
764,174.7771296,-36.84652
765,174.7771669,-36.8465362
766,174.7772034,-36.8465497
767,174.777262,-36.8465611
768,174.7773014,-36.8465794
769,174.7773422,-36.8465933
770,174.777377,-36.8466193
771,174.777417,-36.8466428
772,174.7774566,-36.8466648
773,174.7774995,-36.8466841
774,174.7775548,-36.8466883
775,174.7776156,-36.8467
776,174.7776554,-36.8467136
777,174.7776921,-36.8467209
778,174.777739,-36.8467202
779,174.7777919,-36.846731
780,174.7778335,-36.8467436
781,174.777872,-36.8467514
782,174.7779211,-36.8467514
783,174.7779602,-36.8467633
784,174.7780023,-36.8467725
785,174.7780436,-36.8467834
786,174.7780913,-36.8467859
787,174.7781286,-36.8468051
788,174.7781707,-36.8468237
789,174.7782159,-36.8468368
790,174.778258,-36.8468536
791,174.7783197,-36.8468657
792,174.7783718,-36.8468743
793,174.7784208,-36.8468897
794,174.7784642,-36.8469023
795,174.778505,-36.8469191
796,174.778551,-36.8469304
797,174.7786013,-36.8469464
798,174.778651,-36.8469603
799,174.7786967,-36.8469786
800,174.7787515,-36.8469916
801,174.7788003,-36.8469971
802,174.7788523,-36.8470077
803,174.7788955,-36.847023
804,174.7789281,-36.8470427
805,174.7789736,-36.8470632
806,174.7790197,-36.8470787
807,174.7790655,-36.8470934
808,174.7791072,-36.8471125
809,174.7791545,-36.8471331
810,174.7792049,-36.8471495
811,174.7792534,-36.8471627
812,174.7792934,-36.8471814
813,174.779327,-36.8471952
814,174.7793661,-36.8472074
815,174.7794055,-36.8472249
816,174.7794345,-36.8472477
817,174.7794658,-36.8472653
818,174.7795137,-36.8472893
819,174.7795623,-36.8473051
820,174.7796066,-36.8473149
821,174.7796682,-36.8473219
822,174.7797101,-36.8473319
823,174.779754,-36.8473455
824,174.7798002,-36.8473547
825,174.779852,-36.8473636
826,174.779904,-36.8473781
827,174.7799486,-36.8473929
828,174.7799926,-36.8474088
829,174.7800395,-36.8474238
830,174.7800885,-36.8474439
831,174.7801342,-36.8474648
832,174.7801774,-36.8474816
833,174.7802205,-36.8474994
834,174.7802708,-36.8475168
835,174.7803281,-36.8475305
836,174.7803948,-36.8475452
837,174.7804562,-36.8475633
838,174.7805121,-36.8475826
839,174.7805663,-36.8476018
840,174.7806186,-36.8476234
841,174.7806737,-36.8476471
842,174.7807217,-36.8476685
843,174.7807741,-36.8476877
844,174.7808233,-36.8477008
845,174.7808708,-36.8477169
846,174.7809115,-36.847735
847,174.7809595,-36.8477451
848,174.7810305,-36.8477536
849,174.7810759,-36.8477621
850,174.7811262,-36.8477716
851,174.7811647,-36.8477796
852,174.7812161,-36.8477857
853,174.7812648,-36.8477925
854,174.7813081,-36.8478015
855,174.7813769,-36.8478049
856,174.7814365,-36.8478071
857,174.7814978,-36.8478104
858,174.7815473,-36.8478139
859,174.7815932,-36.8478158
860,174.7816437,-36.8478203
861,174.7817003,-36.8478231
862,174.7817496,-36.8478265
863,174.7817905,-36.8478273
864,174.7818326,-36.8478276
865,174.7818752,-36.8478268
866,174.7819181,-36.8478271
867,174.7819596,-36.8478265
868,174.7819981,-36.8478263
869,174.7820444,-36.847826
870,174.7821087,-36.8478247
871,174.7821616,-36.8478215
872,174.7822009,-36.8478171
873,174.7822572,-36.8478141
874,174.7823152,-36.8478093
875,174.7823601,-36.8478035
876,174.7824048,-36.8477967
877,174.7824565,-36.8477893
878,174.7825023,-36.8477808
879,174.7825433,-36.8477721
880,174.782578,-36.8477649
881,174.7826338,-36.8477577
882,174.782697,-36.8477524
883,174.7827435,-36.8477476
884,174.7827883,-36.8477433
885,174.7828377,-36.8477365
886,174.7828825,-36.8477316
887,174.782928,-36.8477291
888,174.7829748,-36.8477268
889,174.7830314,-36.8477231
890,174.7830915,-36.8477195
891,174.7831402,-36.8477183
892,174.7831933,-36.8477183
893,174.783256,-36.8477175
894,174.7833118,-36.8477189
895,174.7833664,-36.8477218
896,174.7834111,-36.8477192
897,174.7834607,-36.8477159
898,174.7835142,-36.8477119
899,174.7835612,-36.8477105
900,174.7836043,-36.8477083
901,174.7836656,-36.8477053
902,174.7837267,-36.8476963
903,174.7837799,-36.8476909
904,174.7838188,-36.8476995
905,174.7838733,-36.8476967
906,174.7839232,-36.847695
907,174.7839711,-36.847691
908,174.7840224,-36.8476857
909,174.7840726,-36.8476865
910,174.7841233,-36.8476872
911,174.7841721,-36.8476879
912,174.7842221,-36.847688
913,174.7842802,-36.8476837
914,174.784335,-36.8476826
915,174.7843877,-36.8476851
916,174.7844367,-36.8476881
917,174.7844861,-36.8476914
918,174.7845399,-36.8476957
919,174.7845947,-36.8476982
920,174.7846509,-36.8477006
921,174.7847103,-36.8477054
922,174.7847647,-36.84771
923,174.7848305,-36.8477083
924,174.7848977,-36.8477094
925,174.7849695,-36.847709
926,174.7850426,-36.847707
927,174.7851218,-36.8477026
928,174.7852015,-36.8477033
929,174.7852806,-36.8477057
930,174.7853661,-36.8477055
931,174.7854512,-36.8477061
932,174.7855299,-36.847713
933,174.7856216,-36.8477035
934,174.7857063,-36.8476968
935,174.7857936,-36.8476912
936,174.785875,-36.8476901
937,174.7859605,-36.8476937
938,174.7860493,-36.8476963
939,174.7861385,-36.847702
940,174.7862305,-36.8477041
941,174.7863208,-36.8477082
942,174.7864048,-36.847715
943,174.7864875,-36.847719
944,174.7865672,-36.8477203
945,174.7866441,-36.8477232
946,174.7867171,-36.8477251
947,174.786788,-36.8477272
948,174.7868602,-36.8477274
949,174.7869308,-36.8477262
950,174.7870004,-36.8477264
951,174.787069,-36.8477251
952,174.7871379,-36.8477239
953,174.7872055,-36.8477217
954,174.7872611,-36.8477177
955,174.7873244,-36.8477175
956,174.7873897,-36.8477233
957,174.7874523,-36.8477302
958,174.7875215,-36.8477326
959,174.7875822,-36.8477357
960,174.7876484,-36.847738
961,174.7877053,-36.8477426
962,174.7877625,-36.8477475
963,174.7878096,-36.8477568
964,174.7878565,-36.8477705
965,174.7879031,-36.8477858
966,174.7879572,-36.8477931
967,174.788007,-36.8478051
968,174.7880637,-36.8478122
969,174.788116,-36.8478236
970,174.7881701,-36.8478315
971,174.7882278,-36.8478369
972,174.7882905,-36.8478404
973,174.7883508,-36.8478425
974,174.7884107,-36.8478464
975,174.7884702,-36.8478498
976,174.7885308,-36.8478506
977,174.7885853,-36.8478585
978,174.7886409,-36.8478628
979,174.7886985,-36.8478639
980,174.7887529,-36.8478724
981,174.7888131,-36.847877
982,174.7888767,-36.8478783
983,174.7889382,-36.8478822
984,174.7889986,-36.8478876
985,174.7890585,-36.8478871
986,174.7891118,-36.8478882
987,174.7891658,-36.8478904
988,174.7892071,-36.8478861
989,174.7892642,-36.8478839
990,174.7893209,-36.8478832
991,174.7893808,-36.8478805
992,174.789441,-36.8478784
993,174.7895,-36.8478776
994,174.7895599,-36.8478758
995,174.7896218,-36.8478735
996,174.7896824,-36.8478721
997,174.7897417,-36.8478723
998,174.7897982,-36.8478747
999,174.7898554,-36.847878
1000,174.7899052,-36.8478824
1001,174.7899593,-36.8478873
1002,174.7900319,-36.8478899
1003,174.7900913,-36.8478938
1004,174.7901491,-36.8478976
1005,174.7902078,-36.8479023
1006,174.7902682,-36.8479084
1007,174.7903308,-36.8479128
1008,174.7903896,-36.8479219
1009,174.7904465,-36.847933
1010,174.7905033,-36.8479444
1011,174.7905629,-36.847954
1012,174.7906206,-36.8479652
1013,174.7906763,-36.8479756
1014,174.7907329,-36.8479868
1015,174.7907922,-36.8479972
1016,174.7908501,-36.8480079
1017,174.790903,-36.8480219
1018,174.7909575,-36.8480354
1019,174.7910145,-36.8480483
1020,174.7910694,-36.8480632
1021,174.7911262,-36.848077
1022,174.7911816,-36.8480894
1023,174.7912352,-36.8481037
1024,174.7912898,-36.848118
1025,174.7913445,-36.8481337
1026,174.7913951,-36.8481508
1027,174.7914479,-36.8481681
1028,174.7915036,-36.8481852
1029,174.7915563,-36.848205
1030,174.7916056,-36.8482211
1031,174.791657,-36.8482353
1032,174.791708,-36.8482544
1033,174.7917563,-36.8482754
1034,174.7918028,-36.8482976
1035,174.7918529,-36.8483197
1036,174.7919036,-36.848342
1037,174.7919524,-36.8483649
1038,174.7920027,-36.8483867
1039,174.7920505,-36.8484092
1040,174.7921005,-36.848431
1041,174.7921442,-36.8484538
1042,174.7921923,-36.848476
1043,174.792241,-36.8484981
1044,174.7922874,-36.8485206
1045,174.7923338,-36.8485423
1046,174.7923801,-36.8485643
1047,174.7924199,-36.8485877
1048,174.792462,-36.8486107
1049,174.7925043,-36.8486336
1050,174.7925452,-36.8486605
1051,174.7925903,-36.8486907
1052,174.7926231,-36.8487166
1053,174.7926653,-36.8487439
1054,174.7927071,-36.8487693
1055,174.7927531,-36.8487969
1056,174.792798,-36.8488273
1057,174.7928388,-36.8488589
1058,174.7928781,-36.8488875
1059,174.7929192,-36.848915
1060,174.7929611,-36.8489405
1061,174.7930035,-36.8489688
1062,174.7930428,-36.8489997
1063,174.7930803,-36.8490304
1064,174.7931184,-36.8490635
1065,174.7931545,-36.8490946
1066,174.7931907,-36.8491259
1067,174.7932278,-36.8491558
1068,174.7932651,-36.8491869
1069,174.7932996,-36.8492177
1070,174.793333,-36.8492511
1071,174.7933685,-36.849283
1072,174.7934057,-36.8493142
1073,174.7934426,-36.8493474
1074,174.7934788,-36.849375
1075,174.7935131,-36.8494039
1076,174.7935489,-36.8494348
1077,174.793582,-36.8494622
1078,174.7936146,-36.8494908
1079,174.7936514,-36.8495206
1080,174.7936867,-36.8495495
1081,174.7937206,-36.8495763
1082,174.7937578,-36.8496115
1083,174.7937886,-36.8496439
1084,174.7938189,-36.8496757
1085,174.7938569,-36.849704
1086,174.7938908,-36.8497339
1087,174.7939292,-36.8497615
1088,174.7939694,-36.8497878
1089,174.7940094,-36.8498135
1090,174.794044,-36.8498394
1091,174.7940781,-36.8498675
1092,174.7941149,-36.8498935
1093,174.7941519,-36.8499192
1094,174.794187,-36.8499479
1095,174.7942229,-36.849975
1096,174.7942561,-36.8500057
1097,174.7942883,-36.8500322
1098,174.7943212,-36.8500634
1099,174.7943525,-36.8500935
1100,174.7943872,-36.8501234
1101,174.7944203,-36.8501542
1102,174.7944529,-36.8501831
1103,174.7944842,-36.8502129
1104,174.7945119,-36.8502442
1105,174.7945434,-36.8502748
1106,174.7945766,-36.8503048
1107,174.7946107,-36.8503339
1108,174.7946378,-36.8503663
1109,174.7946694,-36.8503944
1110,174.7947011,-36.8504245
1111,174.7947341,-36.8504565
1112,174.794749,-36.8505057
1113,174.7947695,-36.8505462
1114,174.7947994,-36.850572
1115,174.7948309,-36.8505935
1116,174.7948725,-36.8506182
1117,174.7949097,-36.8506483
1118,174.7949433,-36.850676
1119,174.7949793,-36.8507025
1120,174.7950129,-36.8507296
1121,174.7950478,-36.8507556
1122,174.7950785,-36.8507791
1123,174.7951084,-36.8508032
1124,174.7951402,-36.850833
1125,174.7951696,-36.8508591
1126,174.7952014,-36.8508878
1127,174.7952287,-36.8509157
1128,174.7952615,-36.8509463
1129,174.7953024,-36.8509809
1130,174.7953386,-36.8510165
1131,174.7953786,-36.851045
1132,174.7954144,-36.8510741
1133,174.7954465,-36.8511053
1134,174.7954748,-36.8511325
1135,174.7955054,-36.8511623
1136,174.7955386,-36.8511937
1137,174.7955706,-36.8512245
1138,174.7956091,-36.8512538
1139,174.7956457,-36.8512835
1140,174.7956806,-36.8513141
1141,174.795719,-36.8513435
1142,174.795756,-36.8513745
1143,174.7957959,-36.8514048
1144,174.7958335,-36.8514356
1145,174.7958717,-36.8514624
1146,174.7959095,-36.8514905
1147,174.7959479,-36.8515208
1148,174.7959896,-36.8515518
1149,174.7960279,-36.8515793
1150,174.7960676,-36.8516071
1151,174.7961062,-36.8516375
1152,174.7961481,-36.8516695
1153,174.7961883,-36.8516998
1154,174.7962284,-36.8517288
1155,174.7962664,-36.8517588
1156,174.7963089,-36.8517892
1157,174.7963485,-36.8518164
1158,174.7963865,-36.8518408
1159,174.7964247,-36.8518633
1160,174.7964646,-36.851887
1161,174.7965055,-36.8519127
1162,174.7965436,-36.8519351
1163,174.7965833,-36.8519626
1164,174.7966255,-36.8519895
1165,174.7966649,-36.8520146
1166,174.7967026,-36.8520397
1167,174.7967438,-36.8520648
1168,174.7967898,-36.8520901
1169,174.7968338,-36.8521173
1170,174.7968793,-36.8521436
1171,174.7969245,-36.8521714
1172,174.7969706,-36.8521971
1173,174.7970153,-36.8522243
1174,174.7970591,-36.8522516
1175,174.7971026,-36.8522768
1176,174.7971465,-36.852301
1177,174.7971889,-36.8523265
1178,174.797233,-36.8523505
1179,174.7972779,-36.8523733
1180,174.7973238,-36.8523947
1181,174.7973597,-36.8524171
1182,174.7974079,-36.8524384
1183,174.7974571,-36.8524587
1184,174.7975037,-36.8524798
1185,174.7975479,-36.8525017
1186,174.7975954,-36.8525215
1187,174.7976427,-36.8525434
1188,174.7976909,-36.8525632
1189,174.797741,-36.8525832
1190,174.7977871,-36.8526045
1191,174.7978239,-36.8526221
1192,174.7978689,-36.8526412
1193,174.7979158,-36.852661
1194,174.7979619,-36.8526819
1195,174.7980072,-36.8527009
1196,174.7980519,-36.8527199
1197,174.7981023,-36.8527401
1198,174.7981456,-36.8527574
1199,174.7981915,-36.8527744
1200,174.7982391,-36.852793
1201,174.7982845,-36.8528105
1202,174.7983315,-36.8528265
1203,174.798377,-36.8528445
1204,174.7984217,-36.8528626
1205,174.7984702,-36.8528811
1206,174.7985167,-36.8528981
1207,174.7985669,-36.8529132
1208,174.7986163,-36.8529266
1209,174.7986692,-36.8529401
1210,174.79872,-36.8529569
1211,174.798774,-36.8529727
1212,174.7988258,-36.8529894
1213,174.7988802,-36.8530045
1214,174.7989352,-36.8530183
1215,174.7989909,-36.8530329
1216,174.799044,-36.8530465
1217,174.7990982,-36.8530608
1218,174.7991517,-36.8530719
1219,174.7992051,-36.8530859
1220,174.7992592,-36.8530984
1221,174.7993116,-36.8531107
1222,174.7993578,-36.8531226
1223,174.7994067,-36.8531332
1224,174.7994594,-36.8531414
1225,174.7995073,-36.8531495
1226,174.7995571,-36.8531594
1227,174.7996079,-36.8531689
1228,174.7996626,-36.8531776
1229,174.7997162,-36.8531849
1230,174.7997675,-36.8531919
1231,174.7998186,-36.8531987
1232,174.7998703,-36.8532067
1233,174.7999206,-36.8532157
1234,174.7999733,-36.8532237
1235,174.8000275,-36.8532342
1236,174.8000804,-36.8532416
1237,174.8001338,-36.8532476
1238,174.8001859,-36.8532524
1239,174.8002383,-36.8532583
1240,174.8002908,-36.8532638
1241,174.8003425,-36.8532685
1242,174.8003954,-36.8532727
1243,174.8004468,-36.8532742
1244,174.8004974,-36.8532781
1245,174.8005494,-36.8532835
1246,174.8006014,-36.8532901
1247,174.8006532,-36.8532935
1248,174.8007051,-36.853294
1249,174.800758,-36.8532955
1250,174.8008122,-36.8532988
1251,174.8008661,-36.8533038
1252,174.8009187,-36.8533069
1253,174.8009721,-36.8533096
1254,174.8010258,-36.8533117
1255,174.801078,-36.8533109
1256,174.8011308,-36.8533109
1257,174.8011832,-36.8533132
1258,174.8012334,-36.8533146
1259,174.8012846,-36.8533165
1260,174.8013342,-36.8533212
1261,174.8013829,-36.8533224
1262,174.8014319,-36.8533182
1263,174.8014805,-36.853315
1264,174.801523,-36.8533163
1265,174.8015676,-36.853318
1266,174.8016117,-36.8533184
1267,174.8016537,-36.8533168
1268,174.8016951,-36.853318
1269,174.8017403,-36.8533156
1270,174.801787,-36.8533134
1271,174.801846,-36.8533093
1272,174.8018926,-36.8533065
1273,174.8019408,-36.8533023
1274,174.8019869,-36.8533001
1275,174.8020316,-36.8532966
1276,174.8020805,-36.8532961
1277,174.8021314,-36.8532926
1278,174.8021839,-36.8532893
1279,174.8022344,-36.8532871
1280,174.802282,-36.8532849
1281,174.802329,-36.8532829
1282,174.8023733,-36.8532772
1283,174.8024149,-36.8532723
1284,174.8024513,-36.8532644
1285,174.8024904,-36.8532615
1286,174.8025214,-36.8532596
1287,174.8025491,-36.853258
1288,174.8025748,-36.8532582
1289,174.8025933,-36.8532576
1290,174.8026002,-36.8532648
1291,174.8026067,-36.8532663
1292,174.8026098,-36.8532636
1293,174.8026139,-36.8532607
1294,174.8026159,-36.8532583
1295,174.8026155,-36.8532579
1296,174.8026157,-36.8532568
1297,174.8026155,-36.8532554
1298,174.8026162,-36.8532532
1299,174.8026169,-36.8532514
1300,174.8026161,-36.8532497
1301,174.8026152,-36.8532484
1302,174.8026143,-36.8532477
1303,174.8026143,-36.8532464
1304,174.8026149,-36.8532452
1305,174.8026146,-36.8532438
1306,174.8026137,-36.8532426
1307,174.8026132,-36.8532417
1308,174.8026131,-36.8532406
1309,174.8026138,-36.85324
1310,174.8026141,-36.8532396
1311,174.8026147,-36.8532392
1312,174.8026159,-36.8532383
1313,174.8026161,-36.8532381
1314,174.8026164,-36.8532379
1315,174.8026166,-36.8532386
1316,174.8026166,-36.8532384
1317,174.802617,-36.8532382
1318,174.8026185,-36.8532369
1319,174.8026206,-36.8532372
1320,174.8026205,-36.8532374
1321,174.8026207,-36.8532375
1322,174.8026206,-36.8532382
1323,174.8026208,-36.8532392
1324,174.8026205,-36.85324
1325,174.8026208,-36.8532403
1326,174.802622,-36.8532407
1327,174.8026241,-36.8532407
1328,174.8026256,-36.853241
1329,174.8026267,-36.8532399
1330,174.8026276,-36.8532399
1331,174.8026287,-36.8532399
1332,174.8026288,-36.8532396
1333,174.8026279,-36.8532398
1334,174.8026259,-36.8532421
1335,174.8026224,-36.8532462
1336,174.802609,-36.8532515
1337,174.802597,-36.8532523
1338,174.80259,-36.8532504
1339,174.8025873,-36.8532492
1340,174.8025866,-36.8532466
1341,174.8025755,-36.8532431
1342,174.8025625,-36.8532428
1343,174.8025439,-36.8532444
1344,174.802514,-36.8532518
1345,174.802489,-36.8532486
1346,174.8024552,-36.8532545
1347,174.802418,-36.8532609
1348,174.8023769,-36.8532662
1349,174.8023336,-36.8532712
1350,174.8022949,-36.8532712
1351,174.8022543,-36.8532731
1352,174.8022097,-36.8532756
1353,174.8021662,-36.8532772
1354,174.8021211,-36.8532781
1355,174.8020757,-36.8532798
1356,174.802033,-36.8532793
1357,174.8019883,-36.8532795
1358,174.8019425,-36.8532811
1359,174.8018972,-36.8532822
1360,174.8018491,-36.8532848
1361,174.8018034,-36.853286
1362,174.8017572,-36.8532855
1363,174.8017105,-36.8532871
1364,174.8016617,-36.8532889
1365,174.8016128,-36.8532885
1366,174.8015634,-36.85329
1367,174.8015098,-36.8532949
1368,174.801459,-36.853294
1369,174.8014068,-36.8532967
1370,174.8013578,-36.8532953
1371,174.8013101,-36.8532934
1372,174.8012674,-36.8532904
1373,174.8012206,-36.8532891
1374,174.8011764,-36.8532834
1375,174.8011294,-36.8532796
1376,174.8010824,-36.8532766
1377,174.8010387,-36.8532706
1378,174.8009983,-36.8532601
1379,174.8009534,-36.853258
1380,174.8009073,-36.8532544
1381,174.8008589,-36.8532546
1382,174.8008107,-36.8532538
1383,174.8007625,-36.8532522
1384,174.8007141,-36.8532508
1385,174.8006698,-36.8532444
1386,174.8006222,-36.8532396
1387,174.8005711,-36.8532349
1388,174.8005175,-36.8532313
1389,174.800461,-36.8532315
1390,174.8004149,-36.8532259
1391,174.8003672,-36.853219
1392,174.8003197,-36.8532096
1393,174.8002697,-36.8532031
1394,174.8002202,-36.853198
1395,174.8001755,-36.8531919
1396,174.8001286,-36.8531857
1397,174.8000856,-36.853178
1398,174.8000423,-36.8531666
1399,174.7999936,-36.8531614
1400,174.7999462,-36.8531556
1401,174.7999025,-36.8531482
1402,174.7998605,-36.8531401
1403,174.7998124,-36.8531362
1404,174.7997751,-36.8531186
1405,174.7997217,-36.8531192
1406,174.799675,-36.8531109
1407,174.7996313,-36.8530993
1408,174.7995837,-36.853092
1409,174.7995372,-36.8530804
1410,174.7994883,-36.8530706
1411,174.7994403,-36.8530585
1412,174.7993873,-36.8530513
1413,174.7993353,-36.8530427
1414,174.7992842,-36.8530326
1415,174.7992347,-36.8530222
1416,174.7991865,-36.8530113
1417,174.7991366,-36.8530002
1418,174.7990873,-36.8529885
1419,174.7990407,-36.8529778
1420,174.7989961,-36.8529643
1421,174.7989499,-36.8529534
1422,174.7989047,-36.8529444
1423,174.7988618,-36.8529316
1424,174.798821,-36.8529185
1425,174.7987816,-36.8529086
1426,174.7987399,-36.8528989
1427,174.7987042,-36.8528848
1428,174.7986662,-36.8528699
1429,174.7986295,-36.852854
1430,174.7985894,-36.8528405
1431,174.7985516,-36.8528238
1432,174.7985125,-36.8528073
1433,174.7984649,-36.8528001
1434,174.798424,-36.8527858
1435,174.7983795,-36.8527745
1436,174.7983354,-36.8527628
1437,174.7982949,-36.8527484
1438,174.7982566,-36.8527296
1439,174.7982188,-36.8527102
1440,174.7981802,-36.8526924
1441,174.7981429,-36.8526724
1442,174.7981004,-36.8526558
1443,174.7980604,-36.8526371
1444,174.7980194,-36.8526165
1445,174.79798,-36.8525951
1446,174.79794,-36.8525751
1447,174.7979009,-36.8525539
1448,174.7978631,-36.85253
1449,174.7978212,-36.8525144
1450,174.797765,-36.8525073
1451,174.7977073,-36.8524963
1452,174.7976634,-36.8524756
1453,174.7976207,-36.8524575
1454,174.797578,-36.8524375
1455,174.7975309,-36.8524247
1456,174.7974905,-36.8524024
1457,174.7974482,-36.8523816
1458,174.7974086,-36.8523581
1459,174.7973674,-36.8523354
1460,174.7973232,-36.8523183
1461,174.7972816,-36.8523007
1462,174.7972395,-36.8522841
1463,174.7971984,-36.8522665
1464,174.7971511,-36.8522552
1465,174.7971067,-36.8522264
1466,174.7970671,-36.8522018
1467,174.7970194,-36.8521833
1468,174.7969724,-36.8521679
1469,174.7969351,-36.8521432
1470,174.7968968,-36.8521173
1471,174.796856,-36.8520945
1472,174.7968163,-36.8520732
1473,174.7967773,-36.8520489
1474,174.7967397,-36.8520245
1475,174.7967028,-36.8519998
1476,174.796666,-36.8519767
1477,174.7966252,-36.8519571
1478,174.7965875,-36.8519312
1479,174.7965527,-36.8519082
1480,174.7965205,-36.8518835
1481,174.7964851,-36.8518624
1482,174.7964542,-36.8518401
1483,174.7964231,-36.8518178
1484,174.7963902,-36.8517907
1485,174.7963598,-36.851763
1486,174.7963267,-36.8517366
1487,174.7962924,-36.8517152
1488,174.7962551,-36.85169
1489,174.7962221,-36.8516622
1490,174.796184,-36.8516351
1491,174.7961525,-36.851609
1492,174.7961158,-36.8515851
1493,174.7960844,-36.8515606
1494,174.7960412,-36.8515293
1495,174.7960068,-36.8515034
1496,174.7959704,-36.8514728
1497,174.7959392,-36.8514475
1498,174.7959093,-36.8514207
1499,174.7958777,-36.8513932
1500,174.7958407,-36.8513633
1501,174.7957956,-36.8513282
1502,174.7957532,-36.8512929
1503,174.7957211,-36.85126
1504,174.7956867,-36.8512284
1505,174.7956498,-36.8511991
1506,174.7956115,-36.8511645
1507,174.7955701,-36.8511234
1508,174.7955235,-36.8510919
1509,174.7954721,-36.8510572
1510,174.7954291,-36.8510236
1511,174.7953935,-36.8509922
1512,174.7953563,-36.8509599
1513,174.7953157,-36.8509282
1514,174.7952796,-36.8509011
1515,174.7952425,-36.8508728
1516,174.7952072,-36.8508441
1517,174.7951725,-36.8508173
1518,174.7951417,-36.8507901
1519,174.7951058,-36.8507608
1520,174.7950771,-36.8507354
1521,174.7950496,-36.8507113
1522,174.7950229,-36.8506804
1523,174.7949894,-36.8506549
1524,174.7949563,-36.8506253
1525,174.794921,-36.8505916
1526,174.7948906,-36.8505596
1527,174.7948431,-36.8505235
1528,174.7948107,-36.8504943
1529,174.7947812,-36.8504632
1530,174.7947487,-36.8504297
1531,174.7947133,-36.8503946
1532,174.7946792,-36.8503588
1533,174.7946491,-36.8503295
1534,174.7946169,-36.8502989
1535,174.7945854,-36.8502679
1536,174.794545,-36.8502369
1537,174.7945087,-36.8502093
1538,174.7944753,-36.8501781
1539,174.7944407,-36.8501471
1540,174.7944074,-36.8501147
1541,174.7943731,-36.850083
1542,174.7943345,-36.8500496
1543,174.7942989,-36.8500181
1544,174.7942688,-36.8499869
1545,174.7942272,-36.8499541
1546,174.794184,-36.8499207
1547,174.794141,-36.8498854
1548,174.794105,-36.8498528
1549,174.794071,-36.8498196
1550,174.7940344,-36.8497869
1551,174.7939973,-36.8497549
1552,174.7939573,-36.8497203
1553,174.7939208,-36.8496866
1554,174.793884,-36.8496552
1555,174.793847,-36.8496226
1556,174.7938032,-36.8495905
1557,174.7937664,-36.8495605
1558,174.7937339,-36.8495263
1559,174.7937002,-36.8494961
1560,174.7936681,-36.8494663
1561,174.7936372,-36.8494352
1562,174.793602,-36.8494049
1563,174.7935675,-36.8493737
1564,174.793529,-36.849341
1565,174.7934951,-36.8493099
1566,174.7934585,-36.8492777
1567,174.7934236,-36.8492461
1568,174.7933814,-36.8492156
1569,174.7933467,-36.8491881
1570,174.7933156,-36.8491575
1571,174.7932855,-36.8491269
1572,174.7932535,-36.8490951
1573,174.7932205,-36.8490609
1574,174.793184,-36.8490271
1575,174.7931445,-36.8489947
1576,174.7931118,-36.8489634
1577,174.793077,-36.8489303
1578,174.7930358,-36.8488942
1579,174.7929988,-36.8488612
1580,174.792958,-36.8488295
1581,174.792914,-36.8487948
1582,174.7928646,-36.8487568
1583,174.7928216,-36.8487257
1584,174.7927799,-36.8486952
1585,174.7927348,-36.8486693
1586,174.7926814,-36.8486377
1587,174.7926401,-36.8486121
1588,174.7925933,-36.8485886
1589,174.7925534,-36.848569
1590,174.7925049,-36.8485461
1591,174.7924667,-36.8485257
1592,174.7924281,-36.848505
1593,174.7923891,-36.8484838
1594,174.7923516,-36.8484639
1595,174.792308,-36.8484435
1596,174.7922666,-36.8484229
1597,174.7922265,-36.8484038
1598,174.7921857,-36.8483863
1599,174.7921478,-36.8483662
1600,174.7921097,-36.8483522
1601,174.792068,-36.8483391
1602,174.7920275,-36.8483208
1603,174.7919873,-36.848299
1604,174.7919453,-36.8482803
1605,174.7919048,-36.8482637
1606,174.7918626,-36.8482424
1607,174.7918222,-36.8482236
1608,174.7917799,-36.8482111
1609,174.7917364,-36.8481952
1610,174.7916919,-36.8481799
1611,174.7916511,-36.8481647
1612,174.7916091,-36.8481471
1613,174.7915695,-36.8481317
1614,174.7915288,-36.8481157
1615,174.7914885,-36.8481059
1616,174.7914477,-36.8480909
1617,174.7914072,-36.8480751
1618,174.7913657,-36.8480642
1619,174.7913238,-36.8480542
1620,174.7912819,-36.8480424
1621,174.7912387,-36.848035
1622,174.7911954,-36.8480176
1623,174.791151,-36.8480054
1624,174.7911058,-36.8479951
1625,174.7910626,-36.8479832
1626,174.7910189,-36.8479723
1627,174.7909756,-36.8479627
1628,174.7909291,-36.8479529
1629,174.7908836,-36.8479418
1630,174.7908387,-36.8479325
1631,174.7907955,-36.8479238
1632,174.7907506,-36.8479145
1633,174.7907065,-36.8479032
1634,174.7906625,-36.8478934
1635,174.7906193,-36.8478831
1636,174.7905737,-36.8478757
1637,174.7905315,-36.8478673
1638,174.7904885,-36.8478618
1639,174.7904435,-36.8478571
1640,174.7903972,-36.847856
1641,174.7903533,-36.8478527
1642,174.7903115,-36.8478448
1643,174.7902704,-36.8478367
1644,174.7902282,-36.8478283
1645,174.7901796,-36.8478271
1646,174.7901356,-36.8478231
1647,174.7900878,-36.8478243
1648,174.7900428,-36.847821
1649,174.7899976,-36.8478167
1650,174.789954,-36.8478121
1651,174.7899114,-36.8478105
1652,174.7898646,-36.8478072
1653,174.7898155,-36.8478028
1654,174.789764,-36.8478029
1655,174.78971,-36.8478069
1656,174.7896644,-36.8478044
1657,174.7896145,-36.8478004
1658,174.7895681,-36.8477948
1659,174.7895163,-36.8477985
1660,174.7894691,-36.8477997
1661,174.7894239,-36.8477978
1662,174.789372,-36.8477995
1663,174.7893187,-36.847805
1664,174.7892654,-36.8478141
1665,174.7892169,-36.8478105
1666,174.7891673,-36.8478116
1667,174.7891195,-36.8478079
1668,174.7890703,-36.8478048
1669,174.7890206,-36.8478
1670,174.7889699,-36.8477967
1671,174.7889186,-36.8477925
1672,174.78887,-36.8477845
1673,174.7888171,-36.8477818
1674,174.7887657,-36.8477776
1675,174.7887165,-36.8477703
1676,174.7886642,-36.8477663
1677,174.7886108,-36.8477638
1678,174.7885589,-36.8477599
1679,174.7885091,-36.8477541
1680,174.7884594,-36.8477494
1681,174.7884111,-36.8477441
1682,174.7883639,-36.8477371
1683,174.7883164,-36.84773
1684,174.7882691,-36.8477247
1685,174.7882231,-36.8477178
1686,174.7881777,-36.8477107
1687,174.7881327,-36.847702
1688,174.7880868,-36.8476953
1689,174.7880451,-36.8476854
1690,174.7880036,-36.8476767
1691,174.7879624,-36.8476678
1692,174.7879259,-36.8476575
1693,174.7878922,-36.8476509
1694,174.7878677,-36.8476474
1695,174.7878485,-36.8476529
1696,174.7878402,-36.8476607
1697,174.7878386,-36.8476593
1698,174.7878362,-36.8476606
1699,174.7878365,-36.8476608
1700,174.7878365,-36.8476609
1701,174.7878369,-36.8476611
1702,174.7878381,-36.8476604
1703,174.7878384,-36.8476595
1704,174.7878376,-36.847659
1705,174.7878378,-36.8476585
1706,174.7878376,-36.8476584
1707,174.7878388,-36.8476584
1708,174.7878397,-36.847657
1709,174.7878369,-36.8476555
1710,174.7878188,-36.8476546
1711,174.7877941,-36.8476536
1712,174.7877653,-36.8476533
1713,174.787736,-36.8476519
1714,174.7877046,-36.8476469
1715,174.7876695,-36.8476444
1716,174.7876336,-36.8476398
1717,174.7875975,-36.8476319
1718,174.7875613,-36.8476241
1719,174.7875216,-36.847618
1720,174.7874798,-36.8476097
1721,174.7874279,-36.847619
1722,174.7873772,-36.847629
1723,174.7873386,-36.8476291
1724,174.7872972,-36.8476287
1725,174.7872493,-36.8476353
1726,174.7872045,-36.847634
1727,174.7871574,-36.8476373
1728,174.7871125,-36.8476374
1729,174.7870691,-36.8476343
1730,174.7870259,-36.8476301
1731,174.7869825,-36.8476263
1732,174.7869399,-36.8476241
1733,174.7868979,-36.8476207
1734,174.7868563,-36.8476165
1735,174.786816,-36.8476119
1736,174.7867768,-36.8476071
1737,174.7867376,-36.8476034
1738,174.7867001,-36.8475982
1739,174.7866619,-36.8475962
1740,174.7866222,-36.8476
1741,174.7865867,-36.8475965
1742,174.7865537,-36.8475862
1743,174.7865163,-36.847583
1744,174.7864818,-36.8475769
1745,174.786441,-36.8475809
1746,174.786397,-36.8475893
1747,174.7863527,-36.8475976
1748,174.7863131,-36.8476025
1749,174.7862735,-36.847604
1750,174.7862342,-36.8476037
1751,174.7861944,-36.8476025
1752,174.7861511,-36.8476093
1753,174.7861124,-36.847612
1754,174.7860722,-36.8476159
1755,174.7860332,-36.8476183
1756,174.785996,-36.8476171
1757,174.7859601,-36.8476165
1758,174.7859195,-36.8476204
1759,174.7858827,-36.8476202
1760,174.7858456,-36.8476231
1761,174.7858095,-36.8476293
1762,174.7857768,-36.8476349
1763,174.7857466,-36.8476399
1764,174.7857153,-36.8476403
1765,174.7856865,-36.8476379
1766,174.7856524,-36.8476415
1767,174.7856185,-36.8476423
1768,174.7855854,-36.8476438
1769,174.7855511,-36.8476473
1770,174.785518,-36.8476501
1771,174.785487,-36.8476463
1772,174.7854553,-36.8476462
1773,174.7854236,-36.8476484
1774,174.785387,-36.8476589
1775,174.7853551,-36.8476614
1776,174.7853251,-36.8476604
1777,174.7852925,-36.8476624
1778,174.7852608,-36.8476638
1779,174.7852286,-36.8476654
1780,174.7851955,-36.8476697
1781,174.7851647,-36.8476725
1782,174.7851342,-36.8476745
1783,174.7851031,-36.8476777
1784,174.7850737,-36.8476775
1785,174.7850442,-36.8476773
1786,174.785017,-36.8476769
1787,174.7849904,-36.8476775
1788,174.7849629,-36.8476789
1789,174.7849353,-36.8476782
1790,174.7849074,-36.847676
1791,174.7848783,-36.847671
1792,174.784849,-36.8476674
1793,174.7848196,-36.847664
1794,174.7847885,-36.8476588
1795,174.7847595,-36.8476544
1796,174.784729,-36.8476519
1797,174.7846996,-36.8476473
1798,174.7846703,-36.8476425
1799,174.7846412,-36.8476391
1800,174.7846123,-36.8476353
1801,174.7845837,-36.8476334
1802,174.784558,-36.8476279
1803,174.7845281,-36.847626
1804,174.7844992,-36.8476248
1805,174.7844702,-36.8476207
1806,174.7844399,-36.8476199
1807,174.7844082,-36.8476212
1808,174.7843758,-36.8476224
1809,174.7843432,-36.847622
1810,174.784311,-36.8476225
1811,174.7842799,-36.8476205
1812,174.7842486,-36.8476192
1813,174.7842181,-36.8476175
1814,174.7841863,-36.8476166
1815,174.7841559,-36.8476139
1816,174.7841261,-36.8476099
1817,174.784097,-36.8476037
1818,174.7840637,-36.8476009
1819,174.7840306,-36.8476021
1820,174.7839971,-36.8476012
1821,174.7839599,-36.8476038
1822,174.7839223,-36.847605
1823,174.7838813,-36.8476101
1824,174.7838427,-36.8476133
1825,174.7838002,-36.8476179
1826,174.7837587,-36.8476184
1827,174.7837164,-36.8476202
1828,174.7836776,-36.8476165
1829,174.7836366,-36.8476186
1830,174.7835953,-36.8476222
1831,174.783556,-36.8476258
1832,174.7835189,-36.847629
1833,174.783478,-36.8476365
1834,174.783438,-36.8476412
1835,174.7833954,-36.8476457
1836,174.7833562,-36.8476482
1837,174.7833174,-36.8476503
1838,174.7832775,-36.8476499
1839,174.7832386,-36.8476484
1840,174.7831955,-36.8476471
1841,174.783148,-36.8476538
1842,174.7831012,-36.8476618
1843,174.7830524,-36.8476674
1844,174.7830011,-36.8476725
1845,174.7829486,-36.8476784
1846,174.7828925,-36.847687
1847,174.7828365,-36.8476924
1848,174.7827752,-36.8477024
1849,174.7827166,-36.8477087
1850,174.782659,-36.8477098
1851,174.7825996,-36.8477122
1852,174.7825415,-36.8477128
1853,174.782482,-36.8477136
1854,174.7824224,-36.8477119
1855,174.782362,-36.8477085
1856,174.7823009,-36.8477046
1857,174.7822385,-36.8476991
1858,174.7821748,-36.8476935
1859,174.7821117,-36.8476883
1860,174.7820496,-36.8476767
1861,174.7819861,-36.8476668
1862,174.7819204,-36.8476589
1863,174.7818574,-36.8476466
1864,174.7817966,-36.8476273
1865,174.7817349,-36.8476121
1866,174.7816736,-36.8475937
1867,174.7816097,-36.8475797
1868,174.7815494,-36.8475661
1869,174.7814911,-36.8475452
1870,174.7814342,-36.8475235
1871,174.7813794,-36.8474957
1872,174.7813213,-36.8474731
1873,174.7812618,-36.8474542
1874,174.7812033,-36.8474381
1875,174.7811452,-36.8474247
1876,174.7810894,-36.8474098
1877,174.7810356,-36.8473948
1878,174.7809831,-36.8473807
1879,174.7809306,-36.8473658
1880,174.7808797,-36.8473504
1881,174.7808298,-36.8473362
1882,174.7807834,-36.847325
1883,174.7807381,-36.8473132
1884,174.7806909,-36.8473045
1885,174.780644,-36.8472948
1886,174.7805987,-36.8472823
1887,174.7805541,-36.8472707
1888,174.7805091,-36.8472597
1889,174.7804617,-36.847246
1890,174.7804172,-36.8472354
1891,174.780372,-36.847223
1892,174.7803275,-36.8472106
1893,174.7802822,-36.8472038
1894,174.7802414,-36.8471972
1895,174.7801994,-36.8471875
1896,174.7801556,-36.8471744
1897,174.7801109,-36.8471593
1898,174.7800696,-36.8471484
1899,174.7800253,-36.8471355
1900,174.779982,-36.8471224
1901,174.7799387,-36.8471127
1902,174.7798981,-36.8471026
1903,174.7798571,-36.8470933
1904,174.7798182,-36.8470846
1905,174.7797798,-36.8470762
1906,174.7797416,-36.84707
1907,174.779702,-36.8470637
1908,174.7796644,-36.8470545
1909,174.7796248,-36.8470454
1910,174.7795869,-36.8470335
1911,174.7795524,-36.8470194
1912,174.7795149,-36.8470071
1913,174.7794767,-36.8469953
1914,174.77944,-36.8469845
1915,174.7793996,-36.846973
1916,174.7793584,-36.8469613
1917,174.7793185,-36.846948
1918,174.779278,-36.8469326
1919,174.779237,-36.8469198
1920,174.7791956,-36.8469073
1921,174.7791535,-36.8468994
1922,174.7791112,-36.8468868
1923,174.7790666,-36.8468768
1924,174.7790214,-36.8468664
1925,174.7789763,-36.8468544
1926,174.7789332,-36.8468411
1927,174.7788898,-36.8468279
1928,174.7788455,-36.8468148
1929,174.7788022,-36.8468011
1930,174.7787561,-36.8467887
1931,174.7787099,-36.8467764
1932,174.7786604,-36.8467662
1933,174.7786124,-36.8467544
1934,174.7785622,-36.8467459
1935,174.7785129,-36.8467358
1936,174.7784611,-36.8467204
1937,174.7784099,-36.8467086
1938,174.7783586,-36.8466977
1939,174.7783055,-36.8466849
1940,174.7782536,-36.8466717
1941,174.7782002,-36.8466607
1942,174.7781474,-36.8466474
1943,174.7780932,-36.8466342
1944,174.7780409,-36.8466198
1945,174.777991,-36.8466039
1946,174.7779428,-36.8465837
1947,174.777891,-36.8465688
1948,174.7778403,-36.8465533
1949,174.7777903,-36.8465423
1950,174.7777443,-36.8465321
1951,174.7776928,-36.8465195
1952,174.777641,-36.8465054
1953,174.7775878,-36.8464917
1954,174.7775371,-36.8464779
1955,174.7774829,-36.8464653
1956,174.7774306,-36.8464516
1957,174.7773765,-36.8464413
1958,174.7773303,-36.8464252
1959,174.7772858,-36.846406
1960,174.7772351,-36.8463924
1961,174.777188,-36.8463777
1962,174.7771361,-36.8463594
1963,174.7770829,-36.8463502
1964,174.77703,-36.8463333
1965,174.7769772,-36.8463235
1966,174.7769224,-36.8463161
1967,174.7768673,-36.846312
1968,174.7768166,-36.846303
1969,174.7767627,-36.8462949
1970,174.7767121,-36.8462849
1971,174.7766616,-36.8462728
1972,174.7766094,-36.8462616
1973,174.7765604,-36.8462443
1974,174.7765142,-36.8462298
1975,174.7764671,-36.8462142
1976,174.7764209,-36.8461994
1977,174.7763772,-36.846182
1978,174.7763318,-36.8461665
1979,174.7762893,-36.8461477
1980,174.7762461,-36.8461265
1981,174.7761999,-36.8461214
1982,174.7761588,-36.8461063
1983,174.7761174,-36.8460956
1984,174.7760739,-36.8460923
1985,174.7760319,-36.8460902
1986,174.7759886,-36.8460717
1987,174.7759465,-36.8460531
1988,174.7759097,-36.8460412
1989,174.7758695,-36.8460321
1990,174.7758295,-36.8460201
1991,174.7757885,-36.8460069
1992,174.7757477,-36.8459938
1993,174.7757063,-36.8459788
1994,174.7756686,-36.8459705
1995,174.7756332,-36.8459545
1996,174.7756014,-36.8459407
1997,174.7755638,-36.8459173
1998,174.7755281,-36.8458967
1999,174.7754953,-36.8458806
2000,174.7754626,-36.8458668
2001,174.7754308,-36.8458478
2002,174.7754017,-36.8458294
2003,174.7753841,-36.845827
2004,174.7753674,-36.8458265
2005,174.7753642,-36.8458266
2006,174.7753678,-36.8458228
2007,174.7753673,-36.8458161
2008,174.7753682,-36.8458137
2009,174.775369,-36.8458114
2010,174.7753699,-36.8458097
2011,174.7753697,-36.8458106
2012,174.7753694,-36.845811
2013,174.7753689,-36.8458115
2014,174.7753679,-36.845813
2015,174.7753669,-36.8458148
2016,174.7753658,-36.8458159
2017,174.7753658,-36.8458162
2018,174.7753652,-36.8458172
2019,174.7753646,-36.8458183
2020,174.7753642,-36.8458185
2021,174.7753644,-36.8458184
2022,174.7753655,-36.8458165
2023,174.7753664,-36.8458146
2024,174.7753672,-36.8458134
2025,174.7753672,-36.845813
2026,174.7753671,-36.8458128
2027,174.7753673,-36.8458126
2028,174.7753672,-36.845813
2029,174.7753671,-36.8458128
2030,174.7753671,-36.8458125
2031,174.775367,-36.8458128
2032,174.775367,-36.845813
2033,174.7753671,-36.8458126
2034,174.7753669,-36.8458129
2035,174.775367,-36.8458123
2036,174.775367,-36.8458125
2037,174.7753672,-36.8458117
2038,174.7753673,-36.8458112
2039,174.7753672,-36.8458111
2040,174.7753671,-36.8458112
2041,174.775367,-36.8458113
2042,174.775367,-36.8458113
2043,174.775367,-36.8458114
2044,174.7753669,-36.8458115
2045,174.7753669,-36.8458116
2046,174.775367,-36.8458116
2047,174.775367,-36.8458117
2048,174.775367,-36.8458116
2049,174.775367,-36.8458118
2050,174.7753669,-36.845812
2051,174.7753668,-36.8458124
2052,174.7753667,-36.8458124
2053,174.7753667,-36.8458125
2054,174.7753667,-36.8458126
2055,174.7753667,-36.8458128
2056,174.7753666,-36.845813
2057,174.7753666,-36.8458131
2058,174.7753665,-36.8458134
2059,174.7753665,-36.8458134
2060,174.7753665,-36.8458135
2061,174.7753665,-36.8458136
2062,174.7753665,-36.8458137
2063,174.7753665,-36.8458137
2064,174.7753665,-36.8458138
2065,174.7753665,-36.8458139
2066,174.7753665,-36.845814
2067,174.7753664,-36.8458141
2068,174.7753664,-36.8458142
2069,174.7753664,-36.8458143
2070,174.7753664,-36.8458144
2071,174.7753663,-36.8458145
2072,174.7753663,-36.8458146
2073,174.7753662,-36.8458146
2074,174.7753661,-36.8458148
2075,174.7753661,-36.8458149
2076,174.775366,-36.8458149
2077,174.7753659,-36.8458151
2078,174.7753659,-36.845815
2079,174.7753659,-36.8458151
2080,174.7753658,-36.8458153
2081,174.7753658,-36.8458153
2082,174.7753658,-36.8458153
2083,174.7753658,-36.8458153
2084,174.7753657,-36.8458153
2085,174.7753657,-36.8458153
2086,174.7753657,-36.8458152
2087,174.7753657,-36.8458151
2088,174.7753657,-36.845815
2089,174.7753657,-36.8458149
2090,174.7753656,-36.8458149
2091,174.7753656,-36.8458149
2092,174.7753656,-36.8458149
2093,174.7753656,-36.8458149
2094,174.7753655,-36.8458149
2095,174.7753655,-36.8458148
2096,174.7753655,-36.8458149
2097,174.7753654,-36.8458149
2098,174.7753652,-36.8458155
2099,174.775365,-36.8458161
2100,174.7753648,-36.8458164
2101,174.7753647,-36.8458166
2102,174.7753647,-36.8458168
2103,174.7753646,-36.8458169
2104,174.7753645,-36.8458172
2105,174.7753645,-36.8458173
2106,174.7753645,-36.8458174
2107,174.7753644,-36.8458176
2108,174.7753643,-36.8458178
2109,174.7753643,-36.8458178
2110,174.7753644,-36.8458178
2111,174.7753643,-36.8458178
2112,174.7753643,-36.8458179
2113,174.7753643,-36.8458179
2114,174.7753643,-36.845818
2115,174.7753642,-36.8458181
2116,174.7753642,-36.8458181
2117,174.7753641,-36.8458183
2118,174.7753641,-36.8458183
2119,174.775364,-36.8458185
2120,174.775364,-36.8458187
2121,174.7753639,-36.8458189
2122,174.7753639,-36.8458189
2123,174.7753638,-36.8458191
2124,174.7753637,-36.8458193
2125,174.7753636,-36.8458195
2126,174.7753635,-36.8458197
2127,174.7753634,-36.84582
2128,174.7753634,-36.84582
2129,174.7753633,-36.8458202
2130,174.7753633,-36.8458204
2131,174.7753632,-36.8458205
2132,174.7753632,-36.8458206
2133,174.7753632,-36.8458208
2134,174.7753631,-36.8458208
2135,174.7753631,-36.8458209
2136,174.7753631,-36.8458209
2137,174.7753631,-36.8458209
2138,174.7753631,-36.8458209
2139,174.7753632,-36.845821
2140,174.7753632,-36.845821
2141,174.7753631,-36.8458211
2142,174.7753631,-36.8458213
2143,174.7753614,-36.8458214
2144,174.7753596,-36.8458218
2145,174.7753511,-36.8458232
2146,174.7753244,-36.8458533
2147,174.7752956,-36.8458885
2148,174.7752775,-36.8459194
2149,174.7752566,-36.8459473
2150,174.7752381,-36.8459737
2151,174.7752231,-36.8460006
2152,174.7752076,-36.8460327
2153,174.7751971,-36.8460598
2154,174.7751879,-36.8460857
2155,174.7751846,-36.8461045
2156,174.7751787,-36.8461207
2157,174.7751703,-36.8461389
2158,174.7751661,-36.8461517
2159,174.7751615,-36.8461624
2160,174.775154,-36.8461779
2161,174.7751442,-36.846195
2162,174.7751408,-36.846207
2163,174.775135,-36.8462213
2164,174.7751281,-36.8462396
2165,174.7751193,-36.8462552
2166,174.7751126,-36.8462692
2167,174.7751062,-36.8462817
2168,174.7750916,-36.8463132
2169,174.7750899,-36.8463364
2170,174.7750802,-36.8463405
2171,174.7750793,-36.8463592
2172,174.7750859,-36.846387
2173,174.7750784,-36.8464428
2174,174.7750731,-36.846497
2175,174.7750775,-36.8465198
2176,174.7750788,-36.8465667
2177,174.7750717,-36.8466046
2178,174.7750297,-36.8466779
2179,174.7749914,-36.8467261
2180,174.7749579,-36.8467427
2181,174.774922,-36.8467535
2182,174.7748832,-36.8467619
2183,174.774837,-36.8467803
2184,174.7747975,-36.8468031
2185,174.7747601,-36.84683
2186,174.7747311,-36.8468607
2187,174.774696,-36.8468857
2188,174.7746559,-36.8469082
2189,174.774615,-36.846948
2190,174.7745831,-36.8469776
2191,174.7745494,-36.8470097
2192,174.7745216,-36.8470461
2193,174.7744936,-36.84708
2194,174.7744684,-36.8471136
2195,174.774441,-36.8471485
2196,174.7744109,-36.8471846
2197,174.774379,-36.8472103
2198,174.7743429,-36.8472364
2199,174.7742998,-36.8472771
2200,174.7742573,-36.8473037
2201,174.7742171,-36.8473287
2202,174.7741728,-36.8473517
2203,174.7741369,-36.8473687
2204,174.774097,-36.847393
2205,174.7740599,-36.8474211
2206,174.7740262,-36.8474465
2207,174.7739946,-36.8474752
2208,174.7739755,-36.8475114
2209,174.7739695,-36.8475337
2210,174.7739702,-36.8475611
2211,174.7739805,-36.8475894
2212,174.773998,-36.8476239
2213,174.7740243,-36.8476623
2214,174.7740523,-36.847698
2215,174.7740823,-36.847731
2216,174.7741106,-36.8477651
2217,174.7741385,-36.8477975
2218,174.7741648,-36.8478376
2219,174.7741888,-36.8478728
2220,174.7742125,-36.847912
2221,174.7742327,-36.8479481
2222,174.7742543,-36.8479838
2223,174.7742753,-36.8480235
2224,174.7742964,-36.8480617
2225,174.774312,-36.848112
2226,174.7743329,-36.848151
2227,174.7743522,-36.8481939
2228,174.7743731,-36.848234
2229,174.7743939,-36.8482736
2230,174.7744161,-36.8483033
2231,174.7744365,-36.8483296
2232,174.7744537,-36.8483566
2233,174.7744695,-36.8483862
2234,174.7744893,-36.8484192
2235,174.7745111,-36.8484503
2236,174.7745294,-36.8484897
2237,174.7745411,-36.8485193
2238,174.7745503,-36.8485512
2239,174.774561,-36.8485809
2240,174.7745739,-36.848608
2241,174.7745796,-36.8486401
2242,174.7745884,-36.8486614
2243,174.7745793,-36.8486763
2244,174.7745836,-36.8486773
2245,174.774585,-36.8486751
2246,174.7745842,-36.8486773
2247,174.7745817,-36.8486773
2248,174.7745809,-36.848678
2249,174.774581,-36.8486778
2250,174.774581,-36.848678
2251,174.774581,-36.8486785
2252,174.7745812,-36.8486784
2253,174.7745812,-36.8486787
2254,174.7745813,-36.8486787
2255,174.7745813,-36.8486786
2256,174.7745814,-36.8486789
2257,174.7745813,-36.8486791
2258,174.7745815,-36.8486789
2259,174.7745814,-36.8486789
2260,174.7745815,-36.848679
2261,174.7745814,-36.8486792
2262,174.7745813,-36.8486796
2263,174.7745807,-36.8486812
2264,174.7745724,-36.8486957
2265,174.7745628,-36.8487109
2266,174.7745521,-36.8487302
2267,174.7745335,-36.8487485
2268,174.7745097,-36.8487766
2269,174.7744946,-36.848802
2270,174.7744778,-36.8488336
2271,174.7744624,-36.8488645
2272,174.7744461,-36.8488922
2273,174.7744273,-36.8489156
2274,174.7744102,-36.8489468
2275,174.774393,-36.848984
2276,174.7743894,-36.8490166
2277,174.7743917,-36.8490495
2278,174.7743967,-36.8490803
2279,174.7744018,-36.8491095
2280,174.7744067,-36.8491456
2281,174.7744157,-36.8491762
2282,174.7744243,-36.8492073
2283,174.7744276,-36.8492401
2284,174.7744298,-36.849272
2285,174.7744302,-36.8493026
2286,174.7744335,-36.8493341
2287,174.7744366,-36.8493668
2288,174.7744407,-36.8494001
2289,174.774448,-36.8494313
2290,174.7744578,-36.8494632
2291,174.7744568,-36.8494961
2292,174.774459,-36.8495323
2293,174.7744622,-36.8495675
2294,174.7744649,-36.849603
2295,174.7744645,-36.8496359
2296,174.7744667,-36.8496718
2297,174.7744645,-36.8497059
2298,174.7744631,-36.8497408
2299,174.7744597,-36.8497762
2300,174.774458,-36.8498128
2301,174.7744571,-36.8498518
2302,174.7744544,-36.8498873
2303,174.7744509,-36.8499246
2304,174.7744455,-36.8499591
2305,174.7744403,-36.8499977
2306,174.7744354,-36.8500353
2307,174.7744317,-36.8500719
2308,174.774426,-36.8501102
2309,174.7744243,-36.8501501
2310,174.774418,-36.85019
2311,174.7744092,-36.8502303
2312,174.7743962,-36.8502687
2313,174.7743839,-36.8503069
2314,174.774369,-36.8503437
2315,174.7743512,-36.8503769
2316,174.7743286,-36.850407
2317,174.774303,-36.8504351
2318,174.7742728,-36.8504578
2319,174.7742431,-36.8504789
2320,174.7742138,-36.8504996
2321,174.7741867,-36.8505188
2322,174.7741574,-36.8505379
2323,174.7741345,-36.8505582
2324,174.7741115,-36.8505849
2325,174.7740875,-36.8506126
2326,174.7740631,-36.8506405
2327,174.7740422,-36.8506687
2328,174.7740231,-36.850695
2329,174.7740046,-36.8507221
2330,174.7739861,-36.8507509
2331,174.7739706,-36.85078
2332,174.773956,-36.8508127
2333,174.7739439,-36.8508452
2334,174.7739322,-36.8508802
2335,174.7739221,-36.850916
2336,174.7739152,-36.8509502
2337,174.7739084,-36.8509817
2338,174.7739013,-36.8510112
2339,174.7738951,-36.8510441
2340,174.7738868,-36.8510774
2341,174.7738792,-36.85111
2342,174.773872,-36.851142
2343,174.7738658,-36.8511709
2344,174.7738581,-36.8512014
2345,174.7738516,-36.8512295
2346,174.7738466,-36.851256
2347,174.7738428,-36.8512834
2348,174.7738387,-36.8513119
2349,174.7738351,-36.851339
2350,174.7738228,-36.8513673
2351,174.7738123,-36.8513947
2352,174.773804,-36.8514229
2353,174.7737982,-36.8514504
2354,174.7737948,-36.851478
2355,174.7737887,-36.8515039
2356,174.7737821,-36.8515274
2357,174.7737766,-36.8515488
2358,174.7737689,-36.8515706
2359,174.7737653,-36.8515919
2360,174.7737606,-36.8516163
2361,174.7737567,-36.8516387
2362,174.7737523,-36.8516607
2363,174.7737478,-36.8516824
2364,174.7737458,-36.8517047
2365,174.7737419,-36.8517287
2366,174.7737346,-36.8517514
2367,174.7737322,-36.8517741
2368,174.7737281,-36.8517967
2369,174.7737186,-36.851819
2370,174.7737087,-36.851837
2371,174.773704,-36.8518547
2372,174.773699,-36.8518735
2373,174.773692,-36.8518934
2374,174.7736855,-36.8519154
2375,174.7736766,-36.8519358
2376,174.7736732,-36.8519534
2377,174.7736773,-36.8519731
2378,174.7736844,-36.8519915
2379,174.7736954,-36.852008
2380,174.7737061,-36.8520252
2381,174.7737152,-36.8520399
2382,174.773718,-36.8520531
2383,174.7737092,-36.8520651
2384,174.7736994,-36.8520775
2385,174.7736933,-36.8520893
2386,174.7736867,-36.8521064
2387,174.7736822,-36.8521291
2388,174.7736769,-36.8521539
2389,174.7736811,-36.8521771
2390,174.7736846,-36.8521921
2391,174.7736952,-36.8522052
2392,174.7737039,-36.8522119
2393,174.7737052,-36.8522233
2394,174.7737129,-36.8522396
2395,174.7737172,-36.8522572
2396,174.7737226,-36.8522691
2397,174.7737215,-36.8522759
2398,174.7737192,-36.8522784
2399,174.7737177,-36.852281
2400,174.7737178,-36.8522839
2401,174.7737188,-36.8522864
2402,174.7737179,-36.8522877
2403,174.7737109,-36.8522795
2404,174.773701,-36.8522742
2405,174.773693,-36.8522665
2406,174.7736864,-36.8522627
2407,174.773676,-36.8522597
2408,174.7736684,-36.8522579
2409,174.773657,-36.8522556
2410,174.7736479,-36.8522558
2411,174.7736354,-36.8522517
2412,174.7736232,-36.8522474
2413,174.7736046,-36.8522345
2414,174.7735941,-36.8522211
2415,174.7735834,-36.8522145
2416,174.7735726,-36.852209
2417,174.7735599,-36.8522017
2418,174.7735443,-36.8521965
2419,174.7735339,-36.8521922
2420,174.7735295,-36.8521849
2421,174.7735193,-36.8521786
2422,174.7735116,-36.8521712
2423,174.7735038,-36.8521682
2424,174.7734932,-36.8521673
2425,174.7734876,-36.8521648
2426,174.7734803,-36.8521621
2427,174.7734726,-36.852158
2428,174.7734671,-36.8521519
2429,174.7734587,-36.8521465
2430,174.7734514,-36.8521406
2431,174.7734476,-36.8521275
2432,174.7734481,-36.8521177
2433,174.7734541,-36.8521112
2434,174.7734617,-36.852101
2435,174.7734684,-36.852091
2436,174.7734724,-36.8520807
2437,174.773473,-36.8520705
2438,174.7734722,-36.8520635
2439,174.7734704,-36.8520525
2440,174.7734632,-36.8520458
2441,174.7734599,-36.8520367
2442,174.7734557,-36.8520257
2443,174.7734438,-36.8520245
2444,174.7734326,-36.8520253
2445,174.773419,-36.8520193
2446,174.7734084,-36.852009
2447,174.7733989,-36.8520011
2448,174.7733936,-36.8519954
2449,174.7733873,-36.8519891
2450,174.7733792,-36.8519811
2451,174.7733729,-36.8519699
2452,174.7733681,-36.8519571
2453,174.7733641,-36.8519459
2454,174.7733598,-36.8519361
2455,174.7733568,-36.8519265
2456,174.7733542,-36.8519167
2457,174.7733531,-36.8519047
2458,174.7733502,-36.8518945
2459,174.7733498,-36.8518828
2460,174.77335,-36.8518714
2461,174.7733511,-36.8518591
2462,174.7733522,-36.8518474
2463,174.7733528,-36.8518346
2464,174.773353,-36.8518243
2465,174.7733522,-36.8518128
2466,174.7733502,-36.8517989
2467,174.773353,-36.8517859
2468,174.7733545,-36.8517707
2469,174.7733559,-36.8517576
2470,174.7733552,-36.8517445
2471,174.7733573,-36.8517324
2472,174.7733565,-36.8517196
2473,174.7733577,-36.8517075
2474,174.7733589,-36.8516957
2475,174.7733623,-36.8516842
2476,174.7733675,-36.8516743
2477,174.7733711,-36.8516646
2478,174.7733751,-36.8516552
2479,174.7733801,-36.8516475
2480,174.7733823,-36.8516374
2481,174.7733845,-36.8516287
2482,174.7733857,-36.8516161
2483,174.773388,-36.8516045
2484,174.7733899,-36.8515927
2485,174.7733918,-36.8515819
2486,174.7733964,-36.8515701
2487,174.773398,-36.851559
2488,174.7734003,-36.8515471
2489,174.773402,-36.8515352
2490,174.7734043,-36.851524
2491,174.7734065,-36.8515133
2492,174.7734091,-36.8515015
2493,174.7734113,-36.8514904
2494,174.7734117,-36.8514782
2495,174.773414,-36.8514671
2496,174.7734148,-36.8514571
2497,174.7734209,-36.8514482
2498,174.7734219,-36.8514384
2499,174.7734223,-36.8514285
2500,174.7734222,-36.851417
2501,174.773422,-36.8514061
2502,174.7734207,-36.8513955
2503,174.773419,-36.8513835
2504,174.7734155,-36.85137
2505,174.7734121,-36.851357
2506,174.7734109,-36.851345
2507,174.7734082,-36.8513345
2508,174.7734053,-36.8513232
2509,174.773405,-36.8513125
2510,174.7734059,-36.8513031
2511,174.773403,-36.8512936
2512,174.7733978,-36.8512853
2513,174.7733947,-36.8512767
2514,174.7733946,-36.851271
2515,174.7733934,-36.8512607
2516,174.773393,-36.8512519
2517,174.7733906,-36.8512398
2518,174.7733854,-36.8512301
2519,174.7733829,-36.8512194
2520,174.7733869,-36.8512149
2521,174.77339,-36.8512057
2522,174.7733858,-36.8511963
2523,174.7733793,-36.851191
2524,174.7733727,-36.8511852
2525,174.7733685,-36.8511748
2526,174.7733597,-36.851162
2527,174.773359,-36.851151
2528,174.7733549,-36.8511463
2529,174.7733518,-36.8511417
2530,174.7733493,-36.8511313
2531,174.7733456,-36.8511259
2532,174.7733434,-36.8511201
2533,174.7733414,-36.8511101
2534,174.773339,-36.8511013
2535,174.7733368,-36.8510932
2536,174.7733353,-36.8510836
2537,174.7733301,-36.8510742
2538,174.7733233,-36.8510651
2539,174.7733156,-36.851058
2540,174.773312,-36.8510431
2541,174.7733064,-36.8510303
2542,174.7733032,-36.8510195
2543,174.7732992,-36.8510102
2544,174.7732939,-36.8510039
2545,174.7732889,-36.8509941
2546,174.7732837,-36.8509846
2547,174.7732776,-36.8509753
2548,174.7732718,-36.8509676
2549,174.7732671,-36.8509634
2550,174.7732622,-36.8509547
2551,174.7732551,-36.8509496
2552,174.7732471,-36.8509429
2553,174.7732418,-36.8509372
2554,174.7732339,-36.8509291
2555,174.7732245,-36.8509225
2556,174.7732119,-36.8509175
2557,174.7732073,-36.8509057
2558,174.7732,-36.8508977
2559,174.7731949,-36.8508886
2560,174.773196,-36.8508766
2561,174.77319,-36.8508683
2562,174.7731817,-36.850859
2563,174.7731757,-36.8508503
2564,174.773171,-36.8508397
2565,174.7731653,-36.8508312
2566,174.773157,-36.8508237
2567,174.7731478,-36.8508155
2568,174.7731417,-36.8508015
2569,174.7731337,-36.8507945
2570,174.7731271,-36.8507878
2571,174.7731191,-36.8507777
2572,174.7731118,-36.8507708
2573,174.7731054,-36.8507648
2574,174.7730983,-36.8507586
2575,174.7730928,-36.8507487
2576,174.7730858,-36.8507409
2577,174.7730798,-36.8507331
2578,174.7730727,-36.8507255
2579,174.7730663,-36.8507161
2580,174.773061,-36.8507059
2581,174.7730537,-36.8506973
2582,174.773048,-36.8506897
2583,174.7730337,-36.8506835
2584,174.7730251,-36.8506766
2585,174.7730175,-36.8506696
2586,174.7730111,-36.8506641
2587,174.7730031,-36.8506587
2588,174.772995,-36.8506523
2589,174.7729844,-36.8506466
2590,174.7729741,-36.850641
2591,174.7729657,-36.8506363
2592,174.7729578,-36.8506331
2593,174.7729494,-36.850627
2594,174.7729418,-36.8506216
2595,174.7729306,-36.8506173
2596,174.7729217,-36.8506092
2597,174.7729147,-36.8506037
2598,174.7729068,-36.8505982
2599,174.7729001,-36.8505907
2600,174.7728939,-36.8505851
2601,174.7728862,-36.8505803
2602,174.7728803,-36.8505791
2603,174.7728735,-36.8505775
2604,174.7728645,-36.8505729
2605,174.7728633,-36.8505735
2606,174.77285,-36.8505687
2607,174.7728468,-36.8505664
2608,174.772841,-36.8505609
2609,174.7728348,-36.8505548
2610,174.7728247,-36.8505495
2611,174.7728193,-36.8505487
2612,174.7728073,-36.8505407
2613,174.7727909,-36.8505328
2614,174.7727826,-36.8505065
2615,174.7727694,-36.8504927
2616,174.7727585,-36.8504842
2617,174.7727506,-36.8504716
2618,174.7727418,-36.8504672
2619,174.7727336,-36.8504603
2620,174.7727269,-36.850448
2621,174.7727224,-36.8504409
2622,174.772714,-36.850433
2623,174.7727069,-36.8504288
2624,174.772697,-36.8504277
2625,174.772691,-36.8504289
2626,174.7726809,-36.8504238
2627,174.7726675,-36.8504051
2628,174.7726572,-36.8503998
2629,174.7726475,-36.8503909
2630,174.7726356,-36.8503802
2631,174.7726256,-36.8503715
2632,174.7726176,-36.8503574
2633,174.7726094,-36.8503446
2634,174.7725991,-36.8503386
2635,174.7725853,-36.8503236
2636,174.7725822,-36.8503039
2637,174.7725801,-36.8502919
2638,174.7725676,-36.8502856
2639,174.7725614,-36.8502599
2640,174.7725547,-36.8502447
2641,174.7725528,-36.8502325
2642,174.7725478,-36.8502257
2643,174.772546,-36.8502237
2644,174.7725432,-36.8502252
2645,174.7725394,-36.8502248
2646,174.7725331,-36.8502168
2647,174.7725306,-36.8502165
2648,174.7725308,-36.8502169
2649,174.7725343,-36.8502152
2650,174.7725368,-36.8502147
2651,174.7725369,-36.8502147
2652,174.772538,-36.850212
2653,174.772537,-36.8502098
2654,174.7725321,-36.8502088
2655,174.7725315,-36.8502061
2656,174.7725315,-36.8502065
2657,174.7725288,-36.8502065
2658,174.7725296,-36.8502056
2659,174.7725302,-36.8502049
2660,174.7725305,-36.8502046
2661,174.7725307,-36.8502041
2662,174.7725306,-36.8502042
2663,174.7725304,-36.8502045
2664,174.7725302,-36.8502046
2665,174.77253,-36.8502049
2666,174.7725298,-36.850205
2667,174.7725296,-36.8502052
2668,174.7725295,-36.8502054
2669,174.7725294,-36.8502053
2670,174.7725294,-36.8502048
2671,174.7725296,-36.8502042
2672,174.7725296,-36.8502041
2673,174.7725297,-36.8502039
2674,174.7725298,-36.8502039
2675,174.7725298,-36.850204
2676,174.7725298,-36.850204
2677,174.7725297,-36.8502039
2678,174.7725297,-36.8502039
2679,174.7725296,-36.850204
2680,174.7725297,-36.8502039
2681,174.7725297,-36.850204
2682,174.7725296,-36.850204
2683,174.7725296,-36.8502039
2684,174.7725296,-36.850204
2685,174.7725296,-36.850204
2686,174.7725296,-36.8502039
2687,174.7725295,-36.8502039
2688,174.7725295,-36.850204
2689,174.7725295,-36.850204
2690,174.7725294,-36.850204
2691,174.7725294,-36.850204
2692,174.7725294,-36.850204
2693,174.7725294,-36.8502039
2694,174.7725293,-36.8502039
2695,174.7725293,-36.850204
2696,174.7725293,-36.850204
2697,174.7725292,-36.8502041
2698,174.7725292,-36.8502041
2699,174.7725291,-36.850204
2700,174.772529,-36.850204
2701,174.772529,-36.850204
2702,174.772529,-36.8502039
2703,174.7725289,-36.8502039
2704,174.7725289,-36.8502039
2705,174.7725288,-36.8502038
2706,174.7725288,-36.8502038
2707,174.7725288,-36.8502038
2708,174.7725288,-36.8502038
2709,174.7725287,-36.8502038
2710,174.7725283,-36.8502042
2711,174.772521,-36.8502135
2712,174.7725111,-36.8502261
2713,174.772506,-36.8502437
2714,174.772495,-36.8502542
2715,174.7724863,-36.8502658
2716,174.7724779,-36.8502784
2717,174.7724672,-36.8502902
2718,174.7724551,-36.8503008
2719,174.7724446,-36.8503158
2720,174.7724368,-36.8503275
2721,174.7724333,-36.850338
2722,174.7724311,-36.8503484
2723,174.7724264,-36.8503557
2724,174.7724247,-36.8503624
2725,174.7724226,-36.850367
2726,174.7724185,-36.8503683
2727,174.7724152,-36.8503628
2728,174.7724097,-36.8503587
2729,174.7724013,-36.8503571
2730,174.7723857,-36.8503666
2731,174.7723749,-36.8503702
2732,174.7723642,-36.8503722
2733,174.7723561,-36.8503723
2734,174.7723402,-36.8503808
2735,174.7723215,-36.8503932
2736,174.7723135,-36.8504001
2737,174.7723109,-36.8504074
2738,174.7723045,-36.8504148
2739,174.7722924,-36.8504233
2740,174.772281,-36.8504337
2741,174.772268,-36.8504488
2742,174.7722485,-36.8504647
2743,174.772231,-36.8504801
2744,174.7722008,-36.8504959
2745,174.7721682,-36.85051
2746,174.7721408,-36.8505351
2747,174.7721137,-36.8505575
2748,174.7720869,-36.8505804
2749,174.7720619,-36.8505972
2750,174.7720319,-36.8506096
2751,174.7720062,-36.8506274
2752,174.7719806,-36.8506468
2753,174.7719496,-36.8506669
2754,174.7719158,-36.8506821
2755,174.7718871,-36.8507026
2756,174.771865,-36.8507256
2757,174.7718393,-36.8507457
2758,174.7718158,-36.8507648
2759,174.7717936,-36.8507839
2760,174.771773,-36.8508032
2761,174.7717578,-36.8508201
2762,174.7717423,-36.8508358
2763,174.7717274,-36.8508541
2764,174.7717182,-36.8508699
2765,174.7717071,-36.8508826
2766,174.7716891,-36.8508981
2767,174.7716672,-36.8509176
2768,174.7716471,-36.8509351
2769,174.7716249,-36.8509491
2770,174.7716081,-36.8509603
2771,174.7715749,-36.8509682
2772,174.7715542,-36.8509905
2773,174.7715392,-36.8510044
2774,174.7715271,-36.8510123
2775,174.7715098,-36.8510252
2776,174.7714922,-36.8510487
2777,174.7714846,-36.8510702
2778,174.7714734,-36.8510915
2779,174.7714497,-36.8511082
2780,174.7714274,-36.8511261
2781,174.7714012,-36.8511437
2782,174.771376,-36.8511591
2783,174.7713517,-36.8511747
2784,174.7713306,-36.8511955
2785,174.7713049,-36.851213
2786,174.7712786,-36.851224
2787,174.771245,-36.8512357
2788,174.7712147,-36.8512491
2789,174.7711741,-36.8512528
2790,174.7711475,-36.8512629
2791,174.7711215,-36.8512788
2792,174.7710969,-36.8512983
2793,174.7710592,-36.8513405
2794,174.7710237,-36.8513722
2795,174.7709939,-36.8514096
2796,174.7709746,-36.8514306
2797,174.7709549,-36.8514466
2798,174.7709344,-36.8514687
2799,174.7709195,-36.8514895
2800,174.7709028,-36.8515073
2801,174.7708808,-36.851521
2802,174.7708557,-36.851544
2803,174.7708328,-36.8515692
2804,174.7708083,-36.8515914
2805,174.7707873,-36.8516102
2806,174.7707634,-36.8516267
2807,174.7707376,-36.8516483
2808,174.7707096,-36.8516713
2809,174.770685,-36.8516906
2810,174.7706636,-36.8517072
2811,174.7706491,-36.8517216
2812,174.7706343,-36.8517305
2813,174.77062,-36.8517377
2814,174.7706131,-36.8517519
2815,174.770605,-36.8517589
2816,174.7706009,-36.8517731
2817,174.7705973,-36.8517774
2818,174.7705945,-36.8517785
2819,174.7705928,-36.8517788
2820,174.7705919,-36.8517789
2821,174.7705909,-36.8517783
2822,174.7705905,-36.8517787
2823,174.7705919,-36.8517793
2824,174.7705923,-36.8517795
2825,174.7705921,-36.8517795
2826,174.7705927,-36.8517796
2827,174.7705927,-36.8517795
2828,174.7705939,-36.8517789
2829,174.770594,-36.8517787
2830,174.7705963,-36.8517778
2831,174.7705971,-36.8517781
2832,174.7705968,-36.8517779
2833,174.770597,-36.8517779
2834,174.7705969,-36.8517778
2835,174.7705972,-36.851778
2836,174.7705963,-36.8517775
2837,174.7705956,-36.8517772
2838,174.7705947,-36.8517771
2839,174.7705944,-36.8517769
2840,174.770593,-36.8517763
2841,174.7705919,-36.8517767
2842,174.7705919,-36.8517769
2843,174.7705918,-36.8517768
2844,174.770592,-36.8517768
2845,174.7705922,-36.851777
2846,174.770592,-36.8517769
2847,174.770591,-36.8517759
2848,174.7705915,-36.8517756
2849,174.7705915,-36.8517757
2850,174.7705924,-36.8517752
2851,174.7705932,-36.8517743
2852,174.7705933,-36.8517742
2853,174.7705934,-36.8517742
2854,174.7705934,-36.8517741
2855,174.7705935,-36.8517741
2856,174.7705935,-36.8517742
2857,174.7705936,-36.8517742
2858,174.7705937,-36.8517742
2859,174.7705938,-36.8517742
2860,174.7705938,-36.8517742
2861,174.7705938,-36.8517742
2862,174.7705939,-36.8517742
2863,174.7705939,-36.8517743
2864,174.770594,-36.8517744
2865,174.7705941,-36.8517744
2866,174.7705942,-36.8517744
2867,174.7705944,-36.8517744
2868,174.7705945,-36.8517743
2869,174.7705947,-36.8517743
2870,174.7705943,-36.8517746
2871,174.770594,-36.8517749
2872,174.770593,-36.851776
2873,174.7705738,-36.8517955
2874,174.7705501,-36.8518196
2875,174.7705243,-36.8518405
2876,174.7705022,-36.8518646
2877,174.7704772,-36.8518895
2878,174.7704523,-36.8519168
2879,174.7704208,-36.851944
2880,174.7703885,-36.8519711
2881,174.7703576,-36.8519979
2882,174.7703269,-36.852027
2883,174.7702946,-36.8520551
2884,174.7702656,-36.8520877
2885,174.7702397,-36.8521144
2886,174.7702129,-36.85214
2887,174.7701879,-36.8521678
2888,174.7701694,-36.8521927
2889,174.7701534,-36.8522145
2890,174.7701291,-36.8522371
2891,174.7701049,-36.8522612
2892,174.7700729,-36.8522836
2893,174.7700553,-36.852307
2894,174.770034,-36.8523324
2895,174.7700118,-36.8523537
2896,174.7699884,-36.8523721
2897,174.7699663,-36.8523919
2898,174.7699461,-36.8524086
2899,174.7699322,-36.8524218
2900,174.7699113,-36.8524307
2901,174.7698898,-36.8524421
2902,174.7698608,-36.85246
2903,174.7698283,-36.8524937
2904,174.7698038,-36.8525166
2905,174.769784,-36.8525411
2906,174.7697676,-36.8525688
2907,174.7697481,-36.8526014
2908,174.7697356,-36.8526289
2909,174.7697175,-36.8526523
2910,174.7697038,-36.8526727
2911,174.7696986,-36.8526926
2912,174.7696961,-36.8527065
2913,174.7696933,-36.8527231
2914,174.7696889,-36.8527494
2915,174.769683,-36.8527631
2916,174.7696601,-36.8527702
2917,174.7696341,-36.8527774
2918,174.7696224,-36.8527787
2919,174.7696189,-36.852779
2920,174.7696181,-36.8527767
2921,174.769616,-36.8527751
2922,174.7696151,-36.8527741
2923,174.7696123,-36.8527792
2924,174.7696116,-36.8527855
2925,174.7696149,-36.8527926
2926,174.7696033,-36.8528048
2927,174.7695936,-36.8528174
2928,174.7695839,-36.8528283
2929,174.769573,-36.8528358
2930,174.7695649,-36.8528425
2931,174.7695567,-36.8528476
2932,174.7695504,-36.8528514
2933,174.7695445,-36.8528491
2934,174.7695324,-36.8528522
2935,174.769523,-36.8528606
2936,174.7695105,-36.852883
2937,174.769505,-36.852888
2938,174.7694966,-36.8528926
2939,174.769496,-36.8528868
2940,174.7694842,-36.852865
2941,174.7694656,-36.8528691
2942,174.7694161,-36.8528496
2943,174.7694035,-36.8528463
2944,174.7693977,-36.8528465
2945,174.7693794,-36.8528333
2946,174.7693637,-36.8528125
2947,174.769358,-36.852811
2948,174.7693412,-36.8528
2949,174.7693272,-36.8527901
2950,174.7693194,-36.8528014
2951,174.7693162,-36.8528023
2952,174.7693095,-36.8528002
2953,174.769306,-36.8527956
2954,174.7692965,-36.8528076
2955,174.7692921,-36.8528095
2956,174.7692946,-36.8528149
2957,174.7692913,-36.8528155
2958,174.7692895,-36.8528178
2959,174.769287,-36.8528196
2960,174.7692859,-36.8528202
2961,174.7692843,-36.8528273
2962,174.7692856,-36.8528274
2963,174.769288,-36.8528426
2964,174.7692859,-36.8528541
2965,174.7692783,-36.8528599
2966,174.7692724,-36.85287
2967,174.769268,-36.8528717
2968,174.7692641,-36.8528768
2969,174.7692617,-36.8528867
2970,174.7692553,-36.8528813
2971,174.7692446,-36.8528814
2972,174.7692394,-36.8528882
2973,174.7692225,-36.8529294
2974,174.7692186,-36.8529347
2975,174.769236,-36.8529099
2976,174.7692419,-36.8529021
2977,174.7692331,-36.8529028
2978,174.7692306,-36.8528871
2979,174.7692223,-36.8528784
2980,174.7692175,-36.852881
2981,174.7692154,-36.8528824
2982,174.7691944,-36.8528967
2983,174.7691735,-36.8529007
2984,174.7691655,-36.8529002
2985,174.7691577,-36.8528945
2986,174.7691454,-36.8528925
2987,174.769134,-36.8528839
2988,174.7691175,-36.8528815
2989,174.7691057,-36.8528772
2990,174.7691013,-36.8528841
2991,174.7690902,-36.8529054
2992,174.7690813,-36.8529129
2993,174.7690406,-36.8529485
2994,174.7690376,-36.852946
2995,174.7690303,-36.8529532
2996,174.7690052,-36.8529788
2997,174.7689806,-36.8529923
2998,174.7689658,-36.8530064
2999,174.7689595,-36.8530099
3000,174.7689529,-36.8530076
3001,174.7689465,-36.853007
3002,174.7689374,-36.8530111
3003,174.7689302,-36.853007
3004,174.7689179,-36.8530146
3005,174.7689051,-36.8530243
3006,174.7689074,-36.8530307
3007,174.7689031,-36.8530403
3008,174.7689043,-36.8530378
3009,174.768906,-36.8530284
3010,174.7689112,-36.8530194
3011,174.7689135,-36.8530108
3012,174.7689185,-36.8530049
3013,174.7689259,-36.8529965
3014,174.7689335,-36.8529897
3015,174.7689345,-36.8529814
3016,174.7689057,-36.8529786
3017,174.7688843,-36.8529735
3018,174.7688676,-36.8529688
3019,174.7688588,-36.8529712
3020,174.7688386,-36.8529701
3021,174.7688355,-36.8529656
3022,174.7688356,-36.8529607
3023,174.7688387,-36.8529569
3024,174.7688424,-36.8529495
3025,174.7688456,-36.8529589
3026,174.7688471,-36.8529507
3027,174.7688516,-36.8529464
3028,174.76885,-36.8529497
3029,174.7688548,-36.852956
3030,174.7688608,-36.8529621
3031,174.7688588,-36.8529644
3032,174.7688553,-36.8529758
3033,174.7688611,-36.8529802
3034,174.7688691,-36.852983
3035,174.768871,-36.8529837
3036,174.7688721,-36.8529853
3037,174.768873,-36.8529871
3038,174.7688743,-36.852989
3039,174.7688763,-36.8529905
3040,174.7688782,-36.8529921
3041,174.7688781,-36.8529954
3042,174.7688844,-36.8530027
3043,174.7688932,-36.8530128
3044,174.7688945,-36.8530198
3045,174.7688933,-36.8530231
3046,174.7688949,-36.8530259
3047,174.7688914,-36.8530247
3048,174.7688914,-36.8530246
3049,174.768891,-36.8530247
3050,174.7688904,-36.8530247
3051,174.7688912,-36.8530249
3052,174.7688931,-36.8530255
3053,174.7688944,-36.8530261
3054,174.7688956,-36.8530261
3055,174.7688963,-36.8530261
3056,174.7688978,-36.8530269
3057,174.7688994,-36.8530282
3058,174.7689005,-36.8530297
3059,174.7689024,-36.8530307
3060,174.7689046,-36.8530322
3061,174.7689061,-36.8530345
3062,174.7688857,-36.8530495
3063,174.7688605,-36.8530538
3064,174.7688552,-36.8530686
3065,174.7688554,-36.8530796
