,matched_longitude,matched_latitude
0,174.768432,-36.853973
1,174.768488,-36.853919
2,174.768456,-36.853949
3,174.768488,-36.853919
4,174.768488,-36.853919
5,174.768463,-36.853943
6,174.768444,-36.853961
7,174.76844,-36.853965
8,174.768431,-36.853974
9,174.768427,-36.853978
10,174.768419,-36.853986
11,174.7684,-36.854005
12,174.768393,-36.854012
13,174.768377,-36.854028
14,174.768368,-36.854037
15,174.76836,-36.854045
16,174.76835,-36.854055
17,174.768344,-36.854061
18,174.768336,-36.854069
19,174.768319,-36.854086
20,174.768311,-36.854094
21,174.768305,-36.8541
22,174.768396,-36.8542
23,174.768401,-36.854206
24,174.768407,-36.854214
25,174.768417,-36.854226
26,174.768425,-36.854236
27,174.76843,-36.854243
28,174.768431,-36.854243
29,174.768438,-36.854253
30,174.76844,-36.854255
31,174.768445,-36.854262
32,174.768449,-36.854266
33,174.768454,-36.854273
34,174.768473,-36.854297
35,174.768486,-36.854312
36,174.768507,-36.854339
37,174.768516,-36.85435
38,174.768521,-36.854356
39,174.768527,-36.854363
40,174.768535,-36.854374
41,174.768544,-36.854385
42,174.768551,-36.854394
43,174.768558,-36.854402
44,174.768561,-36.854407
45,174.768569,-36.854416
46,174.768576,-36.854425
47,174.768582,-36.854432
48,174.76859,-36.854442
49,174.768597,-36.854451
50,174.768604,-36.85446
51,174.768613,-36.854471
52,174.768619,-36.854478
53,174.768627,-36.854489
54,174.768634,-36.854497
55,174.76864,-36.854505
56,174.768646,-36.854512
57,174.768651,-36.854518
58,174.768657,-36.854526
59,174.768664,-36.854535
60,174.76867,-36.854542
61,174.768674,-36.854555
62,174.768675,-36.85457
63,174.768676,-36.854582
64,174.768676,-36.854596
65,174.768673,-36.854603
66,174.76867,-36.85461
67,174.768666,-36.854621
68,174.768661,-36.854632
69,174.768657,-36.854644
70,174.768653,-36.854654
71,174.768643,-36.854672
72,174.768633,-36.854692
73,174.768626,-36.854706
74,174.768618,-36.854721
75,174.768616,-36.854724
76,174.768606,-36.854737
77,174.768594,-36.854753
78,174.768585,-36.854765
79,174.768575,-36.854779
80,174.768567,-36.854789
81,174.768562,-36.854796
82,174.768555,-36.854805
83,174.768552,-36.854808
84,174.768546,-36.854816
85,174.768539,-36.854826
86,174.768531,-36.854837
87,174.768524,-36.854846
88,174.768516,-36.854856
89,174.768512,-36.854862
90,174.768505,-36.854871
91,174.768503,-36.854873
92,174.768492,-36.854888
93,174.768492,-36.854888
94,174.768492,-36.854888
95,174.768494,-36.854889
96,174.768505,-36.854897
97,174.768507,-36.854903
98,174.768509,-36.854912
99,174.76851,-36.854915
100,174.768512,-36.854924
101,174.768514,-36.854934
102,174.768516,-36.854944
103,174.768516,-36.854955
104,174.768515,-36.854963
105,174.768514,-36.854987
106,174.768515,-36.854987
107,174.768519,-36.854989
108,174.768521,-36.854989
109,174.768527,-36.854991
110,174.768538,-36.854994
111,174.768546,-36.854998
112,174.768563,-36.855008
113,174.768584,-36.855021
114,174.768605,-36.855034
115,174.768622,-36.855049
116,174.768634,-36.855065
117,174.768644,-36.855098
118,174.768641,-36.855125
119,174.76864,-36.855146
120,174.768639,-36.855173
121,174.76864,-36.855194
122,174.768642,-36.85521
123,174.768654,-36.85523
124,174.768662,-36.855239
125,174.768688,-36.855257
126,174.768796,-36.855223
127,174.768804,-36.855204
128,174.76881,-36.855186
129,174.768821,-36.855152
130,174.768831,-36.855114
131,174.768836,-36.855092
132,174.768844,-36.855064
133,174.768849,-36.855043
134,174.76886,-36.855015
135,174.768879,-36.854978
136,174.768912,-36.85494
137,174.768945,-36.854914
138,174.768981,-36.854891
139,174.769025,-36.854866
140,174.769052,-36.854851
141,174.769131,-36.854808
142,174.769168,-36.854788
143,174.769225,-36.854758
144,174.769275,-36.854736
145,174.769344,-36.854712
146,174.769438,-36.854707
147,174.769494,-36.85471
148,174.76954,-36.854713
149,174.769574,-36.854715
150,174.769627,-36.854709
151,174.769652,-36.8547
152,174.769689,-36.854684
153,174.769728,-36.854661
154,174.76977,-36.854631
155,174.769799,-36.8546
156,174.769826,-36.854572
157,174.769854,-36.854543
158,174.76988,-36.854515
159,174.769911,-36.854479
160,174.769942,-36.854443
161,174.769971,-36.854409
162,174.769999,-36.854377
163,174.770029,-36.854343
164,174.770054,-36.854314
165,174.770087,-36.854272
166,174.770114,-36.854234
167,174.770148,-36.854186
168,174.770168,-36.854157
169,174.770189,-36.854126
170,174.770225,-36.854079
171,174.770258,-36.854048
172,174.770299,-36.854011
173,174.770383,-36.853966
174,174.770461,-36.853937
175,174.770494,-36.85393
176,174.770529,-36.853922
177,174.770559,-36.853915
178,174.77059,-36.853908
179,174.77061,-36.853904
180,174.770657,-36.853907
181,174.77066,-36.853908
182,174.770667,-36.853909
183,174.770674,-36.853911
184,174.770677,-36.853912
185,174.77068,-36.853912
186,174.770687,-36.853914
187,174.770689,-36.853915
188,174.770693,-36.853916
189,174.770694,-36.853916
190,174.770695,-36.853916
191,174.770696,-36.853916
192,174.770696,-36.853916
193,174.770695,-36.853916
194,174.770696,-36.853916
195,174.770696,-36.853916
196,174.770697,-36.853917
197,174.770701,-36.853918
198,174.770703,-36.853918
199,174.770705,-36.853919
200,174.770705,-36.853919
201,174.770705,-36.853919
202,174.770705,-36.853919
203,174.770705,-36.853919
204,174.770705,-36.853919
205,174.770705,-36.853919
206,174.770706,-36.853919
207,174.770706,-36.853919
208,174.770707,-36.853919
209,174.770707,-36.853919
210,174.770708,-36.85392
211,174.770709,-36.85392
212,174.77071,-36.85392
213,174.770711,-36.853921
214,174.770713,-36.853921
215,174.770714,-36.853921
216,174.770716,-36.853922
217,174.770717,-36.853922
218,174.770716,-36.853922
219,174.770717,-36.853922
220,174.770717,-36.853922
221,174.770717,-36.853922
222,174.770719,-36.853923
223,174.770721,-36.853923
224,174.770723,-36.853924
225,174.770725,-36.853925
226,174.770729,-36.853926
227,174.770735,-36.853927
228,174.770739,-36.853929
229,174.770742,-36.85393
230,174.770745,-36.853931
231,174.770747,-36.853931
232,174.77075,-36.853932
233,174.770752,-36.853932
234,174.770756,-36.853934
235,174.770775,-36.85394
236,174.770793,-36.853945
237,174.770814,-36.853952
238,174.770836,-36.853958
239,174.770856,-36.853964
240,174.770892,-36.853975
241,174.7709,-36.853977
242,174.7709,-36.853977
243,174.7709,-36.853977
244,174.770903,-36.853976
245,174.770951,-36.853959
246,174.770995,-36.853943
247,174.771018,-36.853933
248,174.771055,-36.853913
249,174.771093,-36.853893
250,174.771146,-36.853864
251,174.771209,-36.85383
252,174.771271,-36.853797
253,174.771328,-36.853765
254,174.77138,-36.853737
255,174.771434,-36.853708
256,174.771486,-36.853679
257,174.77154,-36.853649
258,174.771585,-36.853622
259,174.771629,-36.853591
260,174.771661,-36.853556
261,174.771691,-36.853516
262,174.771722,-36.853474
263,174.771753,-36.853431
264,174.77178,-36.853394
265,174.771802,-36.853365
266,174.771825,-36.853335
267,174.771848,-36.853304
268,174.771905,-36.853247
269,174.77199,-36.853207
270,174.772038,-36.853192
271,174.772101,-36.853171
272,174.772161,-36.853152
273,174.772242,-36.853126
274,174.772313,-36.853103
275,174.772384,-36.853079
276,174.772449,-36.853058
277,174.772519,-36.853036
278,174.77258,-36.853016
279,174.772647,-36.852994
280,174.772712,-36.852973
281,174.772775,-36.852952
282,174.772847,-36.852928
283,174.772901,-36.852904
284,174.772952,-36.852878
285,174.773,-36.852848
286,174.773048,-36.852817
287,174.773096,-36.852787
288,174.773135,-36.852749
289,174.773175,-36.85271
290,174.773212,-36.852675
291,174.773245,-36.852644
292,174.773273,-36.852616
293,174.773313,-36.852579
294,174.77334,-36.852552
295,174.773366,-36.852528
296,174.773394,-36.852501
297,174.773409,-36.852486
298,174.773427,-36.852468
299,174.773444,-36.85245
300,174.773447,-36.852447
301,174.773539,-36.852472
302,174.773539,-36.852472
303,174.773539,-36.852472
304,174.773539,-36.852472
305,174.773539,-36.852472
306,174.773539,-36.852472
307,174.773539,-36.852472
308,174.773539,-36.852472
309,174.773539,-36.852472
310,174.773539,-36.852472
311,174.773539,-36.852472
312,174.773539,-36.852472
313,174.773539,-36.852472
314,174.773539,-36.852472
315,174.773539,-36.852472
316,174.773539,-36.852472
317,174.773539,-36.852472
318,174.773539,-36.852472
319,174.773539,-36.852472
320,174.773539,-36.852472
321,174.773539,-36.852472
322,174.773539,-36.852472
323,174.773539,-36.852472
324,174.773539,-36.852472
325,174.773539,-36.852472
326,174.773539,-36.852472
327,174.773539,-36.852472
328,174.773539,-36.852472
329,174.773539,-36.852472
330,174.773539,-36.852472
331,174.773539,-36.852472
332,174.773539,-36.852472
333,174.773539,-36.852472
334,174.773539,-36.852472
335,174.773539,-36.852472
336,174.773539,-36.852472
337,174.773539,-36.852472
338,174.773539,-36.852472
339,174.773539,-36.852472
340,174.773539,-36.852472
341,174.773539,-36.852472
342,174.773539,-36.852472
343,174.773539,-36.852472
344,174.773539,-36.852472
345,174.773539,-36.852472
346,174.773539,-36.852472
347,174.773539,-36.852472
348,174.773539,-36.852472
349,174.773539,-36.852472
350,174.773539,-36.852472
351,174.773539,-36.852472
352,174.773539,-36.852472
353,174.773539,-36.852472
354,174.773539,-36.852472
355,174.773539,-36.852472
356,174.773539,-36.852472
357,174.773539,-36.852472
358,174.773539,-36.852472
359,174.773539,-36.852472
360,174.773539,-36.852472
361,174.773539,-36.852472
362,174.773539,-36.852472
363,174.773539,-36.852472
364,174.773539,-36.852472
365,174.773539,-36.852472
366,174.773539,-36.852472
367,174.773539,-36.852472
368,174.773539,-36.852472
369,174.773539,-36.852472
370,174.773539,-36.852472
371,174.773539,-36.852472
372,174.773539,-36.852472
373,174.773539,-36.852472
374,174.773539,-36.852472
375,174.773539,-36.852472
376,174.773539,-36.852472
377,174.773539,-36.852472
378,174.773539,-36.852472
379,174.773539,-36.852472
380,174.773539,-36.852472
381,174.773539,-36.852472
382,174.773539,-36.852472
383,174.773539,-36.852472
384,174.773539,-36.852472
385,174.773539,-36.852472
386,174.773539,-36.852472
387,174.773539,-36.852472
388,174.773539,-36.852472
389,174.773539,-36.852472
390,174.773539,-36.852472
391,174.773539,-36.852472
392,174.773539,-36.852472
393,174.773539,-36.852472
394,174.773539,-36.852472
395,174.773607,-36.8525
396,174.773632,-36.852481
397,174.773649,-36.852461
398,174.773672,-36.852436
399,174.773695,-36.852411
400,174.773715,-36.852389
401,174.77373,-36.852374
402,174.773739,-36.852364
403,174.773744,-36.852358
404,174.773741,-36.85226
405,174.77373,-36.852254
406,174.77372,-36.852249
407,174.773717,-36.852247
408,174.773717,-36.852247
409,174.773717,-36.852247
410,174.773718,-36.852243
411,174.77372,-36.852237
412,174.773721,-36.852231
413,174.773724,-36.85222
414,174.773727,-36.85221
415,174.77373,-36.852193
416,174.77373,-36.852185
417,174.773731,-36.852175
418,174.773731,-36.852165
419,174.773732,-36.852157
420,174.773733,-36.852149
421,174.773733,-36.852142
422,174.773733,-36.852135
423,174.773734,-36.852128
424,174.773734,-36.852125
425,174.773735,-36.852118
426,174.773735,-36.852112
427,174.773735,-36.85211
428,174.773736,-36.852103
429,174.773736,-36.852097
430,174.773704,-36.852072
431,174.773701,-36.852069
432,174.773698,-36.852067
433,174.773693,-36.852063
434,174.773686,-36.852057
435,174.773679,-36.852052
436,174.773672,-36.852046
437,174.773668,-36.852038
438,174.773665,-36.852032
439,174.77365,-36.852002
440,174.773657,-36.851971
441,174.773665,-36.851935
442,174.773671,-36.851907
443,174.773678,-36.851876
444,174.773685,-36.851841
445,174.773693,-36.851805
446,174.773701,-36.851768
447,174.773708,-36.851735
448,174.773719,-36.851686
449,174.77373,-36.851641
450,174.773741,-36.851595
451,174.773753,-36.851541
452,174.773765,-36.851491
453,174.773776,-36.851443
454,174.773788,-36.851393
455,174.773799,-36.851348
456,174.773811,-36.851296
457,174.773823,-36.851245
458,174.773836,-36.85119
459,174.773848,-36.851136
460,174.773859,-36.85108
461,174.77387,-36.851029
462,174.773881,-36.850977
463,174.773894,-36.850918
464,174.773906,-36.850861
465,174.773926,-36.850803
466,174.773947,-36.850751
467,174.773976,-36.8507
468,174.774004,-36.850655
469,174.774033,-36.850609
470,174.774064,-36.850565
471,174.774103,-36.850522
472,174.774147,-36.850487
473,174.774182,-36.850461
474,174.774212,-36.850438
475,174.774237,-36.850419
476,174.774264,-36.850399
477,174.774298,-36.850376
478,174.774314,-36.85036
479,174.77434,-36.850333
480,174.774366,-36.850297
481,174.774382,-36.850259
482,174.774396,-36.850223
483,174.774405,-36.850163
484,174.774368,-36.850134
485,174.774375,-36.850093
486,174.774382,-36.850054
487,174.774388,-36.850013
488,174.774393,-36.849976
489,174.774397,-36.849933
490,174.774399,-36.849898
491,174.774402,-36.849858
492,174.774405,-36.849819
493,174.774408,-36.849783
494,174.774411,-36.84975
495,174.774413,-36.849708
496,174.774415,-36.849673
497,174.774416,-36.849643
498,174.774416,-36.849604
499,174.774415,-36.849561
500,174.774413,-36.849523
501,174.774412,-36.849492
502,174.77441,-36.849436
503,174.774407,-36.849384
504,174.774405,-36.84934
505,174.774403,-36.8493
506,174.774398,-36.849253
507,174.774393,-36.849207
508,174.774388,-36.849159
509,174.774382,-36.849111
510,174.774376,-36.849062
511,174.774366,-36.849017
512,174.774356,-36.848968
513,174.774346,-36.848923
514,174.774413,-36.848908
515,174.774436,-36.848866
516,174.77446,-36.848823
517,174.774481,-36.848787
518,174.774504,-36.84875
519,174.774526,-36.848714
520,174.774535,-36.848605
521,174.77452,-36.848565
522,174.774508,-36.848532
523,174.774495,-36.848497
524,174.774483,-36.848464
525,174.774471,-36.848433
526,174.774458,-36.848396
527,174.774444,-36.848359
528,174.774424,-36.848316
529,174.774401,-36.84827
530,174.77438,-36.848228
531,174.77436,-36.848188
532,174.774341,-36.848148
533,174.774325,-36.848112
534,174.774302,-36.848067
535,174.774281,-36.848032
536,174.774259,-36.847992
537,174.774238,-36.847957
538,174.77422,-36.847926
539,174.774204,-36.847899
540,174.774186,-36.847869
541,174.774169,-36.847841
542,174.774151,-36.847811
543,174.774131,-36.847783
544,174.774113,-36.847757
545,174.774086,-36.847719
546,174.774066,-36.84769
547,174.774043,-36.847657
548,174.774018,-36.847623
549,174.773996,-36.847592
550,174.77394,-36.847505
551,174.773954,-36.847474
552,174.773973,-36.847432
553,174.774057,-36.847378
554,174.774102,-36.847349
555,174.774132,-36.847338
556,174.774166,-36.847325
557,174.774192,-36.847315
558,174.774218,-36.847305
559,174.774253,-36.847291
560,174.774286,-36.847276
561,174.774318,-36.847261
562,174.77435,-36.847244
563,174.774386,-36.847222
564,174.774436,-36.847177
565,174.774411,-36.847119
566,174.774435,-36.847095
567,174.774454,-36.847074
568,174.774472,-36.847052
569,174.774487,-36.847033
570,174.774506,-36.847008
571,174.774522,-36.846987
572,174.774534,-36.84697
573,174.774554,-36.846948
574,174.774562,-36.846939
575,174.77459,-36.846912
576,174.774605,-36.846899
577,174.774626,-36.846882
578,174.774652,-36.846863
579,174.774661,-36.846857
580,174.774671,-36.84685
581,174.774674,-36.846848
582,174.774673,-36.846849
583,174.774681,-36.846843
584,174.774683,-36.846842
585,174.774686,-36.84684
586,174.774703,-36.846829
587,174.774718,-36.846819
588,174.774761,-36.846796
589,174.774785,-36.846785
590,174.774809,-36.846774
591,174.774831,-36.846764
592,174.774845,-36.846759
593,174.774886,-36.846746
594,174.774897,-36.846743
595,174.7749,-36.846742
596,174.774901,-36.846742
597,174.774898,-36.846714
598,174.774889,-36.846692
599,174.774881,-36.846672
600,174.774872,-36.846653
601,174.774863,-36.846627
602,174.774854,-36.846597
603,174.774851,-36.84656
604,174.774856,-36.846528
605,174.774863,-36.846504
606,174.774875,-36.846474
607,174.774886,-36.846448
608,174.774894,-36.846429
609,174.774904,-36.846405
610,174.774912,-36.846384
611,174.774924,-36.846356
612,174.774947,-36.846299
613,174.774972,-36.846239
614,174.774988,-36.846199
615,174.775003,-36.846163
616,174.775015,-36.846135
617,174.775025,-36.84611
618,174.775034,-36.846087
619,174.775044,-36.846065
620,174.775048,-36.846048
621,174.775051,-36.846037
622,174.775057,-36.846015
623,174.77506,-36.846003
624,174.775062,-36.845993
625,174.775064,-36.845986
626,174.775064,-36.845985
627,174.775067,-36.845973
628,174.775069,-36.845966
629,174.77507,-36.845962
630,174.77507,-36.845962
631,174.77507,-36.845963
632,174.77507,-36.845963
633,174.77507,-36.845962
634,174.77507,-36.845963
635,174.77507,-36.845963
636,174.77507,-36.845963
637,174.77507,-36.845963
638,174.77507,-36.845963
639,174.775069,-36.845964
640,174.77507,-36.845963
641,174.77507,-36.845961
642,174.77507,-36.84596
643,174.77507,-36.84596
644,174.77507,-36.845959
645,174.775071,-36.845959
646,174.775071,-36.845958
647,174.775071,-36.845957
648,174.775071,-36.845956
649,174.775072,-36.845954
650,174.775072,-36.845953
651,174.775073,-36.845951
652,174.775073,-36.84595
653,174.775073,-36.845949
654,174.775073,-36.845949
655,174.775074,-36.845945
656,174.775074,-36.845945
657,174.775076,-36.845925
658,174.775076,-36.845925
659,174.775076,-36.845925
660,174.775076,-36.845925
661,174.775076,-36.845925
662,174.775076,-36.845925
663,174.775076,-36.845925
664,174.775076,-36.845925
665,174.775076,-36.845925
666,174.775076,-36.845925
667,174.775076,-36.845925
668,174.775076,-36.845925
669,174.775076,-36.845925
670,174.775076,-36.845925
671,174.775076,-36.845925
672,174.775076,-36.845925
673,174.775076,-36.845925
674,174.775076,-36.845925
675,174.775076,-36.845925
676,174.775076,-36.845925
677,174.775076,-36.845925
678,174.775076,-36.845925
679,174.775076,-36.845925
680,174.775076,-36.845924
681,174.775076,-36.845923
682,174.775076,-36.845922
683,174.775076,-36.845922
684,174.775076,-36.845921
685,174.775076,-36.845921
686,174.775076,-36.84592
687,174.775076,-36.84592
688,174.775076,-36.84592
689,174.775076,-36.84592
690,174.775076,-36.845919
691,174.775077,-36.845917
692,174.775077,-36.845915
693,174.775077,-36.845914
694,174.775077,-36.845913
695,174.775077,-36.845911
696,174.775077,-36.845911
697,174.775077,-36.845911
698,174.775077,-36.84591
699,174.775077,-36.845908
700,174.775077,-36.845907
701,174.775077,-36.845907
702,174.775077,-36.845905
703,174.775077,-36.845903
704,174.775078,-36.845902
705,174.775078,-36.845901
706,174.775078,-36.8459
707,174.775078,-36.8459
708,174.775078,-36.8459
709,174.775078,-36.8459
710,174.775078,-36.8459
711,174.775078,-36.845899
712,174.775077,-36.845891
713,174.775071,-36.845873
714,174.775066,-36.845855
715,174.775144,-36.845849
716,174.775147,-36.845851
717,174.775149,-36.845852
718,174.775155,-36.845855
719,174.77517,-36.845864
720,174.775174,-36.845866
721,174.775191,-36.845876
722,174.775216,-36.84589
723,174.775239,-36.845903
724,174.77527,-36.84592
725,174.775314,-36.845942
726,174.775351,-36.84596
727,174.775391,-36.84598
728,174.775431,-36.846
729,174.775474,-36.846021
730,174.775521,-36.846044
731,174.775581,-36.84607
732,174.775627,-36.846087
733,174.775671,-36.846104
734,174.775717,-36.84612
735,174.775764,-36.846138
736,174.775813,-36.846155
737,174.775856,-36.846168
738,174.775899,-36.846181
739,174.775949,-36.846196
740,174.775995,-36.846209
741,174.776039,-36.846221
742,174.776086,-36.846235
743,174.776133,-36.846248
744,174.776178,-36.846261
745,174.77622,-36.846273
746,174.77627,-36.846287
747,174.776319,-36.846299
748,174.77637,-36.846313
749,174.776412,-36.846324
750,174.776464,-36.846337
751,174.776496,-36.846345
752,174.776535,-36.846356
753,174.776593,-36.846371
754,174.776646,-36.846385
755,174.776706,-36.8464
756,174.776757,-36.846413
757,174.776807,-36.846426
758,174.776856,-36.846439
759,174.776904,-36.846452
760,174.77696,-36.846467
761,174.77702,-36.846482
762,174.777063,-36.846493
763,174.777096,-36.846502
764,174.777133,-36.846512
765,174.777173,-36.846522
766,174.77721,-36.846532
767,174.777268,-36.846547
768,174.77731,-36.846558
769,174.777352,-36.846569
770,174.777393,-36.846579
771,174.777438,-36.846591
772,174.777482,-36.846603
773,174.777528,-36.846615
774,174.777579,-36.846628
775,174.777639,-36.846644
776,174.777679,-36.846654
777,174.777715,-36.846664
778,174.777758,-36.846675
779,174.777809,-36.846688
780,174.777852,-36.846699
781,174.777889,-36.846709
782,174.777933,-36.84672
783,174.777973,-36.846731
784,174.778015,-36.846742
785,174.778056,-36.846753
786,174.7781,-36.846764
787,174.778141,-36.846775
788,174.778186,-36.846786
789,174.778232,-36.846798
790,174.778276,-36.84681
791,174.778336,-36.846826
792,174.778386,-36.846839
793,174.778437,-36.846852
794,174.77848,-36.846863
795,174.778523,-36.846874
796,174.778569,-36.846886
797,174.77862,-36.8469
798,174.77867,-36.846913
799,174.778719,-36.846925
800,174.778773,-36.84694
801,174.778819,-36.846951
802,174.778859,-36.846962
803,174.778882,-36.847025
804,174.778915,-36.847075
805,174.778964,-36.847088
806,174.779011,-36.847101
807,174.779058,-36.847113
808,174.779102,-36.847125
809,174.779153,-36.847138
810,174.779204,-36.847151
811,174.779253,-36.847164
812,174.779295,-36.847175
813,174.779331,-36.847185
814,174.779371,-36.847195
815,174.779414,-36.847207
816,174.779448,-36.847216
817,174.779483,-36.847225
818,174.779535,-36.847239
819,174.779584,-36.847252
820,174.779628,-36.847264
821,174.779686,-36.847279
822,174.779727,-36.847289
823,174.779772,-36.847301
824,174.779817,-36.847313
825,174.779867,-36.847326
826,174.77992,-36.84734
827,174.779966,-36.847352
828,174.780012,-36.847364
829,174.78006,-36.847376
830,174.780111,-36.84739
831,174.78016,-36.847402
832,174.780205,-36.847414
833,174.780251,-36.847426
834,174.780303,-36.84744
835,174.780359,-36.847454
836,174.780425,-36.847472
837,174.780487,-36.847488
838,174.780545,-36.847503
839,174.780601,-36.847518
840,174.780657,-36.847533
841,174.780715,-36.847548
842,174.780766,-36.847562
843,174.78082,-36.847576
844,174.780869,-36.847589
845,174.780919,-36.847603
846,174.780962,-36.847614
847,174.781009,-36.847627
848,174.781076,-36.847645
849,174.78112,-36.847656
850,174.781169,-36.847669
851,174.781207,-36.847679
852,174.781255,-36.847692
853,174.781302,-36.847705
854,174.781344,-36.847716
855,174.78143,-36.847738
856,174.781498,-36.847657
857,174.781554,-36.847672
858,174.7816,-36.847684
859,174.781642,-36.847695
860,174.78169,-36.847707
861,174.781735,-36.847719
862,174.781783,-36.847729
863,174.781821,-36.847738
864,174.78186,-36.847746
865,174.781893,-36.847751
866,174.781935,-36.847758
867,174.781975,-36.847764
868,174.782012,-36.84777
869,174.782052,-36.847776
870,174.782116,-36.847783
871,174.782168,-36.847789
872,174.782205,-36.847793
873,174.78226,-36.847799
874,174.782315,-36.847804
875,174.78236,-36.847806
876,174.782404,-36.847808
877,174.782456,-36.84781
878,174.7825,-36.847812
879,174.78254,-36.847814
880,174.782574,-36.847815
881,174.782635,-36.847817
882,174.782698,-36.847816
883,174.782745,-36.847816
884,174.782789,-36.847815
885,174.782839,-36.847815
886,174.782884,-36.847814
887,174.782939,-36.847812
888,174.782986,-36.847808
889,174.783042,-36.847803
890,174.783104,-36.847797
891,174.783152,-36.847792
892,174.783204,-36.847787
893,174.783266,-36.847781
894,174.783321,-36.847775
895,174.783374,-36.847769
896,174.783419,-36.847764
897,174.783469,-36.847759
898,174.783521,-36.847752
899,174.783567,-36.847748
900,174.783609,-36.847744
901,174.783671,-36.847738
902,174.783732,-36.847732
903,174.783785,-36.847728
904,174.783822,-36.847724
905,174.783876,-36.84772
906,174.783925,-36.847716
907,174.783973,-36.847713
908,174.784024,-36.84771
909,174.784075,-36.847707
910,174.784125,-36.847705
911,174.784172,-36.847704
912,174.784222,-36.847704
913,174.78428,-36.847705
914,174.784334,-36.847705
915,174.784387,-36.847707
916,174.784436,-36.847708
917,174.784485,-36.84771
918,174.784539,-36.847712
919,174.784594,-36.847714
920,174.78465,-36.847715
921,174.784709,-36.847717
922,174.784765,-36.847719
923,174.784831,-36.847719
924,174.784898,-36.84772
925,174.784971,-36.847719
926,174.785044,-36.847717
927,174.785123,-36.847714
928,174.785203,-36.847706
929,174.78528,-36.847699
930,174.785362,-36.847688
931,174.785443,-36.847675
932,174.785518,-36.847663
933,174.785608,-36.847649
934,174.785705,-36.847643
935,174.785793,-36.847643
936,174.785874,-36.847642
937,174.785965,-36.847645
938,174.786053,-36.84765
939,174.786143,-36.847654
940,174.786235,-36.847659
941,174.786324,-36.847663
942,174.786409,-36.847668
943,174.786492,-36.847672
944,174.78657,-36.847676
945,174.786648,-36.84768
946,174.786721,-36.847684
947,174.786792,-36.847689
948,174.786863,-36.847693
949,174.786934,-36.847697
950,174.787002,-36.847702
951,174.787071,-36.847706
952,174.78714,-36.847711
953,174.787207,-36.847716
954,174.787261,-36.84772
955,174.787323,-36.847725
956,174.787389,-36.84773
957,174.787451,-36.847735
958,174.787521,-36.84774
959,174.787581,-36.847745
960,174.787647,-36.84775
961,174.787704,-36.847754
962,174.787762,-36.847758
963,174.78781,-36.847761
964,174.787858,-36.847765
965,174.787905,-36.847768
966,174.787959,-36.847772
967,174.78801,-36.847775
968,174.788067,-36.847779
969,174.788122,-36.847783
970,174.788176,-36.847788
971,174.788234,-36.847793
972,174.788297,-36.847799
973,174.788357,-36.847804
974,174.788416,-36.84781
975,174.788475,-36.847815
976,174.788536,-36.847821
977,174.78859,-36.847826
978,174.788646,-36.847832
979,174.788702,-36.847837
980,174.788757,-36.847841
981,174.788817,-36.847845
982,174.78888,-36.84785
983,174.788941,-36.847855
984,174.788999,-36.847857
985,174.789059,-36.847858
986,174.789112,-36.847858
987,174.789164,-36.847857
988,174.789205,-36.847855
989,174.789262,-36.847853
990,174.789318,-36.84785
991,174.789378,-36.847846
992,174.789442,-36.847842
993,174.7895,-36.847842
994,174.78956,-36.847841
995,174.789622,-36.847841
996,174.789682,-36.84784
997,174.789744,-36.847842
998,174.7898,-36.847844
999,174.789857,-36.847847
1000,174.789907,-36.847849
1001,174.789963,-36.847853
1002,174.790036,-36.847858
1003,174.790095,-36.847862
1004,174.790153,-36.847868
1005,174.790212,-36.847873
1006,174.790272,-36.847878
1007,174.790336,-36.847886
1008,174.790396,-36.847893
1009,174.790453,-36.847901
1010,174.790513,-36.84791
1011,174.790572,-36.847921
1012,174.790631,-36.847932
1013,174.790686,-36.847942
1014,174.790743,-36.847952
1015,174.790802,-36.847963
1016,174.79086,-36.847974
1017,174.790916,-36.847987
1018,174.790971,-36.848001
1019,174.791028,-36.848015
1020,174.791082,-36.848029
1021,174.791139,-36.848043
1022,174.791195,-36.848056
1023,174.791252,-36.848071
1024,174.791305,-36.848088
1025,174.791359,-36.848106
1026,174.79141,-36.848122
1027,174.791462,-36.848139
1028,174.791519,-36.84816
1029,174.791571,-36.848179
1030,174.79162,-36.848198
1031,174.791668,-36.848216
1032,174.791719,-36.848236
1033,174.791768,-36.848256
1034,174.791821,-36.848278
1035,174.791868,-36.848297
1036,174.791919,-36.848319
1037,174.791969,-36.848339
1038,174.79202,-36.848361
1039,174.79207,-36.848384
1040,174.792118,-36.848408
1041,174.792163,-36.84843
1042,174.79221,-36.848453
1043,174.792257,-36.848477
1044,174.792304,-36.8485
1045,174.792349,-36.848522
1046,174.792395,-36.848545
1047,174.792439,-36.848567
1048,174.79248,-36.848591
1049,174.792522,-36.848614
1050,174.792565,-36.848639
1051,174.792612,-36.848665
1052,174.792654,-36.84869
1053,174.792693,-36.84872
1054,174.792731,-36.848748
1055,174.792773,-36.848782
1056,174.792813,-36.848815
1057,174.792853,-36.848848
1058,174.79289,-36.848879
1059,174.792925,-36.848911
1060,174.792959,-36.848942
1061,174.792996,-36.848975
1062,174.793032,-36.849008
1063,174.793067,-36.849039
1064,174.793104,-36.849074
1065,174.793139,-36.849105
1066,174.793175,-36.849137
1067,174.793211,-36.849169
1068,174.793246,-36.8492
1069,174.793281,-36.849231
1070,174.793317,-36.849263
1071,174.793353,-36.849295
1072,174.793389,-36.849327
1073,174.793426,-36.84936
1074,174.793459,-36.849389
1075,174.793492,-36.849419
1076,174.793528,-36.84945
1077,174.793559,-36.849478
1078,174.793592,-36.849507
1079,174.793627,-36.849538
1080,174.793661,-36.849569
1081,174.793692,-36.849597
1082,174.793731,-36.849631
1083,174.793765,-36.849661
1084,174.793799,-36.849691
1085,174.793833,-36.849722
1086,174.793868,-36.849751
1087,174.793903,-36.849781
1088,174.793938,-36.849811
1089,174.793973,-36.849841
1090,174.794004,-36.849869
1091,174.794038,-36.849898
1092,174.794072,-36.849926
1093,174.794104,-36.849955
1094,174.794139,-36.849984
1095,174.794172,-36.850013
1096,174.794206,-36.850042
1097,174.794237,-36.850069
1098,174.794271,-36.850099
1099,174.794305,-36.850129
1100,174.794339,-36.850158
1101,174.794373,-36.850188
1102,174.794406,-36.850217
1103,174.794439,-36.850246
1104,174.794471,-36.850274
1105,174.794504,-36.850303
1106,174.794538,-36.850333
1107,174.794572,-36.850363
1108,174.794604,-36.850391
1109,174.794636,-36.850418
1110,174.794669,-36.850448
1111,174.794704,-36.850479
1112,174.794742,-36.850511
1113,174.794776,-36.850542
1114,174.794805,-36.850567
1115,174.794834,-36.850592
1116,174.794868,-36.850622
1117,174.794903,-36.850653
1118,174.794936,-36.850681
1119,174.794969,-36.85071
1120,174.795001,-36.850739
1121,174.795033,-36.850767
1122,174.795062,-36.850792
1123,174.79509,-36.850816
1124,174.795123,-36.850845
1125,174.795153,-36.850871
1126,174.795185,-36.8509
1127,174.795215,-36.850926
1128,174.795249,-36.850956
1129,174.795289,-36.850991
1130,174.795328,-36.851025
1131,174.795364,-36.851056
1132,174.795398,-36.851086
1133,174.795432,-36.851116
1134,174.795462,-36.851142
1135,174.795494,-36.85117
1136,174.795529,-36.851201
1137,174.795563,-36.851231
1138,174.795598,-36.851262
1139,174.795634,-36.851293
1140,174.795668,-36.851323
1141,174.795704,-36.851355
1142,174.79574,-36.851386
1143,174.795781,-36.851418
1144,174.79582,-36.851448
1145,174.795856,-36.851475
1146,174.795894,-36.851504
1147,174.795932,-36.851534
1148,174.795974,-36.851566
1149,174.79601,-36.851594
1150,174.796049,-36.851623
1151,174.796088,-36.851653
1152,174.796132,-36.851685
1153,174.796173,-36.851713
1154,174.796214,-36.851742
1155,174.796255,-36.85177
1156,174.796298,-36.851799
1157,174.796338,-36.851827
1158,174.796375,-36.851852
1159,174.796411,-36.851876
1160,174.796448,-36.851902
1161,174.796492,-36.851929
1162,174.796529,-36.851951
1163,174.796572,-36.851976
1164,174.796616,-36.852001
1165,174.796656,-36.852025
1166,174.796695,-36.852048
1167,174.796737,-36.852073
1168,174.796782,-36.852099
1169,174.796826,-36.852125
1170,174.796872,-36.852152
1171,174.79692,-36.852178
1172,174.796967,-36.852202
1173,174.797013,-36.852227
1174,174.79706,-36.852251
1175,174.797105,-36.852275
1176,174.797149,-36.852298
1177,174.797194,-36.852321
1178,174.797239,-36.852344
1179,174.797283,-36.852367
1180,174.797328,-36.85239
1181,174.797367,-36.852408
1182,174.797414,-36.852429
1183,174.797462,-36.852452
1184,174.797509,-36.852473
1185,174.797554,-36.852493
1186,174.797601,-36.852514
1187,174.797649,-36.852535
1188,174.797696,-36.852556
1189,174.797745,-36.852577
1190,174.797793,-36.852596
1191,174.797831,-36.852611
1192,174.797876,-36.85263
1193,174.797923,-36.852649
1194,174.797971,-36.852667
1195,174.798017,-36.852685
1196,174.798062,-36.852703
1197,174.798112,-36.852722
1198,174.798157,-36.852738
1199,174.798203,-36.852755
1200,174.798251,-36.852772
1201,174.798299,-36.852789
1202,174.798344,-36.852805
1203,174.79839,-36.852821
1204,174.798436,-36.852837
1205,174.798484,-36.852852
1206,174.798532,-36.852868
1207,174.798582,-36.852883
1208,174.798581,-36.852917
1209,174.798647,-36.852991
1210,174.798699,-36.853005
1211,174.798753,-36.853021
1212,174.798805,-36.853035
1213,174.79886,-36.853051
1214,174.798916,-36.853066
1215,174.798973,-36.85308
1216,174.799026,-36.853094
1217,174.79908,-36.853107
1218,174.799133,-36.85312
1219,174.799187,-36.853133
1220,174.799243,-36.853146
1221,174.799296,-36.853158
1222,174.799343,-36.853168
1223,174.799392,-36.853178
1224,174.799442,-36.853189
1225,174.79949,-36.8532
1226,174.799541,-36.85321
1227,174.799592,-36.853221
1228,174.799646,-36.853232
1229,174.799698,-36.853242
1230,174.799752,-36.853252
1231,174.799803,-36.853261
1232,174.799854,-36.853269
1233,174.799905,-36.853278
1234,174.799956,-36.853287
1235,174.800012,-36.853296
1236,174.800068,-36.853303
1237,174.800122,-36.85331
1238,174.800173,-36.853317
1239,174.800225,-36.853323
1240,174.800278,-36.85333
1241,174.80033,-36.853337
1242,174.800386,-36.853343
1243,174.800438,-36.853347
1244,174.800488,-36.853351
1245,174.80054,-36.853355
1246,174.800592,-36.85336
1247,174.800644,-36.853364
1248,174.800694,-36.853368
1249,174.800746,-36.853373
1250,174.8008,-36.853379
1251,174.800854,-36.853384
1252,174.800906,-36.853389
1253,174.800966,-36.853394
1254,174.80102,-36.853396
1255,174.801072,-36.853399
1256,174.801125,-36.853401
1257,174.801177,-36.853403
1258,174.801227,-36.853405
1259,174.801288,-36.853405
1260,174.801337,-36.853404
1261,174.801386,-36.853403
1262,174.801435,-36.853402
1263,174.801477,-36.853401
1264,174.801519,-36.853402
1265,174.801564,-36.853404
1266,174.801608,-36.853405
1267,174.801659,-36.853405
1268,174.8017,-36.853404
1269,174.801745,-36.853402
1270,174.801792,-36.8534
1271,174.801851,-36.853398
1272,174.801898,-36.853396
1273,174.801946,-36.853395
1274,174.801992,-36.853393
1275,174.802037,-36.853391
1276,174.802086,-36.853389
1277,174.802143,-36.853387
1278,174.802196,-36.853382
1279,174.802245,-36.853378
1280,174.802293,-36.853375
1281,174.80234,-36.853371
1282,174.802384,-36.853368
1283,174.802426,-36.853364
1284,174.802463,-36.853361
1285,174.802508,-36.853357
1286,174.802539,-36.853353
1287,174.802567,-36.85335
1288,174.802592,-36.853347
1289,174.80261,-36.853344
1290,174.802615,-36.853344
1291,174.802622,-36.853343
1292,174.802625,-36.853343
1293,174.80263,-36.853342
1294,174.802632,-36.853342
1295,174.802632,-36.853342
1296,174.802632,-36.853342
1297,174.802633,-36.853342
1298,174.802633,-36.853342
1299,174.802634,-36.853341
1300,174.802634,-36.853341
1301,174.802633,-36.853342
1302,174.802632,-36.853342
1303,174.802632,-36.853342
1304,174.802634,-36.853341
1305,174.802634,-36.853341
1306,174.802633,-36.853342
1307,174.802632,-36.853342
1308,174.802632,-36.853342
1309,174.802634,-36.853341
1310,174.802634,-36.853341
1311,174.802635,-36.853341
1312,174.802636,-36.853341
1313,174.802636,-36.853341
1314,174.802636,-36.853341
1315,174.802637,-36.853341
1316,174.802637,-36.853341
1317,174.802637,-36.853341
1318,174.802639,-36.853341
1319,174.802641,-36.853341
1320,174.802641,-36.853341
1321,174.802641,-36.853341
1322,174.802641,-36.853341
1323,174.802641,-36.853341
1324,174.80264,-36.853341
1325,174.80264,-36.853341
1326,174.802641,-36.853341
1327,174.802643,-36.85334
1328,174.802645,-36.85334
1329,174.802632,-36.853266
1330,174.802633,-36.853265
1331,174.802634,-36.853265
1332,174.802634,-36.853265
1333,174.802633,-36.853265
1334,174.802631,-36.853266
1335,174.802626,-36.853266
1336,174.802612,-36.853268
1337,174.8026,-36.853269
1338,174.802594,-36.85327
1339,174.802591,-36.853271
1340,174.802591,-36.853271
1341,174.802581,-36.853272
1342,174.802569,-36.853273
1343,174.80255,-36.853276
1344,174.802519,-36.853279
1345,174.802495,-36.853282
1346,174.802461,-36.853286
1347,174.80242,-36.853289
1348,174.802379,-36.853291
1349,174.802336,-36.853293
1350,174.802297,-36.853295
1351,174.802256,-36.853298
1352,174.802212,-36.8533
1353,174.802168,-36.853302
1354,174.802123,-36.853304
1355,174.802078,-36.853306
1356,174.802035,-36.853308
1357,174.80199,-36.85331
1358,174.801945,-36.853311
1359,174.801899,-36.853313
1360,174.801851,-36.853315
1361,174.801804,-36.853316
1362,174.801758,-36.853318
1363,174.801712,-36.853319
1364,174.801663,-36.85332
1365,174.801613,-36.853321
1366,174.801563,-36.85332
1367,174.80151,-36.85332
1368,174.801459,-36.85332
1369,174.801407,-36.853319
1370,174.801357,-36.853318
1371,174.801309,-36.853317
1372,174.801266,-36.853316
1373,174.80122,-36.853315
1374,174.801174,-36.853314
1375,174.801127,-36.853312
1376,174.80108,-36.853309
1377,174.801036,-36.853307
1378,174.800995,-36.853306
1379,174.80095,-36.853303
1380,174.800904,-36.853301
1381,174.800854,-36.853298
1382,174.800806,-36.853294
1383,174.800759,-36.853291
1384,174.80071,-36.853287
1385,174.800665,-36.853284
1386,174.800616,-36.85328
1387,174.800565,-36.853275
1388,174.800512,-36.85327
1389,174.800456,-36.853264
1390,174.800409,-36.853259
1391,174.800361,-36.853254
1392,174.800313,-36.853249
1393,174.800262,-36.853243
1394,174.800212,-36.853237
1395,174.800168,-36.853231
1396,174.800121,-36.853225
1397,174.800076,-36.853219
1398,174.800031,-36.853211
1399,174.799983,-36.853203
1400,174.799936,-36.853196
1401,174.799893,-36.853188
1402,174.799847,-36.853181
1403,174.799802,-36.853173
1404,174.799762,-36.853166
1405,174.799711,-36.853156
1406,174.799665,-36.853148
1407,174.799619,-36.85314
1408,174.799572,-36.853131
1409,174.799524,-36.853121
1410,174.799475,-36.853111
1411,174.799427,-36.853101
1412,174.799374,-36.85309
1413,174.799322,-36.853079
1414,174.799272,-36.853067
1415,174.799223,-36.853056
1416,174.799175,-36.853045
1417,174.799125,-36.853033
1418,174.799073,-36.853021
1419,174.799028,-36.853009
1420,174.798982,-36.852997
1421,174.798937,-36.852985
1422,174.798893,-36.852973
1423,174.79885,-36.852962
1424,174.798807,-36.85295
1425,174.798768,-36.852939
1426,174.798727,-36.852926
1427,174.79869,-36.852915
1428,174.79865,-36.852904
1429,174.798612,-36.852892
1430,174.79857,-36.852879
1431,174.798531,-36.852867
1432,174.79849,-36.852854
1433,174.798444,-36.852839
1434,174.798403,-36.852825
1435,174.798361,-36.85281
1436,174.798317,-36.852795
1437,174.798277,-36.852781
1438,174.798237,-36.852767
1439,174.798196,-36.852752
1440,174.798155,-36.852737
1441,174.798115,-36.852723
1442,174.79807,-36.852706
1443,174.798028,-36.85269
1444,174.797985,-36.852673
1445,174.797943,-36.852656
1446,174.797899,-36.852639
1447,174.797858,-36.852622
1448,174.797815,-36.852605
1449,174.797774,-36.852588
1450,174.797726,-36.852569
1451,174.797673,-36.852545
1452,174.797629,-36.852526
1453,174.797587,-36.852507
1454,174.797543,-36.852488
1455,174.7975,-36.852469
1456,174.797457,-36.852449
1457,174.797414,-36.85243
1458,174.797372,-36.85241
1459,174.797325,-36.852388
1460,174.797284,-36.852367
1461,174.797245,-36.852347
1462,174.797206,-36.852327
1463,174.797166,-36.852307
1464,174.797126,-36.852286
1465,174.797078,-36.852261
1466,174.797036,-36.852239
1467,174.796992,-36.852216
1468,174.796951,-36.852194
1469,174.796911,-36.852173
1470,174.796867,-36.852149
1471,174.796827,-36.852126
1472,174.796788,-36.852103
1473,174.796749,-36.85208
1474,174.79671,-36.852057
1475,174.796671,-36.852034
1476,174.796634,-36.852012
1477,174.796595,-36.851989
1478,174.796556,-36.851966
1479,174.796519,-36.851945
1480,174.796484,-36.851924
1481,174.796445,-36.8519
1482,174.796413,-36.851878
1483,174.796382,-36.851857
1484,174.796346,-36.851832
1485,174.796311,-36.851808
1486,174.796276,-36.851784
1487,174.796242,-36.851761
1488,174.796206,-36.851736
1489,174.796169,-36.851711
1490,174.796131,-36.851684
1491,174.796094,-36.851658
1492,174.79606,-36.851632
1493,174.796028,-36.851607
1494,174.795986,-36.851575
1495,174.795952,-36.851549
1496,174.795914,-36.85152
1497,174.795882,-36.851495
1498,174.79585,-36.85147
1499,174.795816,-36.851445
1500,174.795778,-36.851415
1501,174.795729,-36.851377
1502,174.795688,-36.85134
1503,174.795653,-36.85131
1504,174.795618,-36.851279
1505,174.795583,-36.851248
1506,174.795544,-36.851214
1507,174.795499,-36.851175
1508,174.795459,-36.85114
1509,174.795413,-36.8511
1510,174.795373,-36.851065
1511,174.795338,-36.851033
1512,174.7953,-36.851001
1513,174.795262,-36.850967
1514,174.795229,-36.850938
1515,174.795195,-36.850908
1516,174.79516,-36.850878
1517,174.795128,-36.85085
1518,174.795097,-36.850823
1519,174.795063,-36.850793
1520,174.795033,-36.850767
1521,174.795006,-36.850743
1522,174.794975,-36.850715
1523,174.794944,-36.850688
1524,174.79491,-36.850659
1525,174.794873,-36.850627
1526,174.79484,-36.850597
1527,174.794796,-36.850559
1528,174.794762,-36.85053
1529,174.794724,-36.850496
1530,174.794694,-36.85047
1531,174.794656,-36.850437
1532,174.794618,-36.850403
1533,174.794587,-36.850376
1534,174.794553,-36.850346
1535,174.794519,-36.850316
1536,174.794481,-36.850283
1537,174.794448,-36.850254
1538,174.794413,-36.850223
1539,174.794378,-36.850193
1540,174.794343,-36.850162
1541,174.794307,-36.850131
1542,174.79427,-36.850098
1543,174.794233,-36.850066
1544,174.794199,-36.850036
1545,174.794161,-36.850003
1546,174.79412,-36.849968
1547,174.794078,-36.849932
1548,174.794041,-36.8499
1549,174.794005,-36.849869
1550,174.793967,-36.849837
1551,174.79393,-36.849805
1552,174.79389,-36.84977
1553,174.793853,-36.849738
1554,174.793815,-36.849705
1555,174.793778,-36.849673
1556,174.793739,-36.849637
1557,174.793703,-36.849606
1558,174.793667,-36.849574
1559,174.793633,-36.849544
1560,174.7936,-36.849515
1561,174.793567,-36.849485
1562,174.793533,-36.849455
1563,174.793498,-36.849424
1564,174.79346,-36.84939
1565,174.793426,-36.84936
1566,174.79339,-36.849328
1567,174.793354,-36.849296
1568,174.793316,-36.849263
1569,174.793284,-36.849234
1570,174.793251,-36.849205
1571,174.793219,-36.849176
1572,174.793184,-36.849145
1573,174.793148,-36.849113
1574,174.79311,-36.849079
1575,174.793073,-36.849046
1576,174.793039,-36.849014
1577,174.793003,-36.848982
1578,174.792963,-36.848946
1579,174.792926,-36.848912
1580,174.792895,-36.848883
1581,174.792849,-36.848845
1582,174.792802,-36.848806
1583,174.792762,-36.848773
1584,174.792725,-36.848743
1585,174.792684,-36.848713
1586,174.792641,-36.848681
1587,174.7926,-36.848658
1588,174.792555,-36.848633
1589,174.792516,-36.848611
1590,174.79247,-36.848585
1591,174.79243,-36.848562
1592,174.792397,-36.848546
1593,174.792357,-36.848526
1594,174.792319,-36.848507
1595,174.792276,-36.848486
1596,174.792234,-36.848465
1597,174.792195,-36.848446
1598,174.792155,-36.848426
1599,174.792116,-36.848407
1600,174.792081,-36.848389
1601,174.79204,-36.848369
1602,174.792006,-36.848355
1603,174.791962,-36.848337
1604,174.79192,-36.848319
1605,174.79188,-36.848303
1606,174.791836,-36.848284
1607,174.791794,-36.848267
1608,174.791755,-36.848251
1609,174.791712,-36.848233
1610,174.79167,-36.848217
1611,174.791629,-36.848201
1612,174.791586,-36.848185
1613,174.791547,-36.84817
1614,174.791506,-36.848155
1615,174.791471,-36.848142
1616,174.791429,-36.848129
1617,174.791387,-36.848115
1618,174.791347,-36.848102
1619,174.791306,-36.848089
1620,174.791265,-36.848075
1621,174.791227,-36.848065
1622,174.791181,-36.848053
1623,174.791137,-36.848042
1624,174.791092,-36.848031
1625,174.791049,-36.84802
1626,174.791005,-36.848009
1627,174.790962,-36.847999
1628,174.790916,-36.847987
1629,174.790871,-36.847976
1630,174.790829,-36.847968
1631,174.790786,-36.84796
1632,174.79074,-36.847952
1633,174.790695,-36.847944
1634,174.790651,-36.847935
1635,174.790606,-36.847927
1636,174.790562,-36.847919
1637,174.790519,-36.847911
1638,174.79048,-36.847904
1639,174.790436,-36.847898
1640,174.79039,-36.847893
1641,174.790346,-36.847887
1642,174.790305,-36.847882
1643,174.790264,-36.847877
1644,174.790222,-36.847874
1645,174.790174,-36.847869
1646,174.79013,-36.847865
1647,174.790083,-36.847861
1648,174.790039,-36.847858
1649,174.789994,-36.847855
1650,174.78995,-36.847852
1651,174.78991,-36.847849
1652,174.789862,-36.847847
1653,174.789813,-36.847845
1654,174.789761,-36.847842
1655,174.78971,-36.84784
1656,174.789664,-36.84784
1657,174.789615,-36.847841
1658,174.789569,-36.847841
1659,174.789516,-36.847841
1660,174.789469,-36.847842
1661,174.789428,-36.847843
1662,174.789376,-36.847846
1663,174.789323,-36.847849
1664,174.789267,-36.847853
1665,174.78922,-36.847854
1666,174.78917,-36.847856
1667,174.78912,-36.847858
1668,174.789069,-36.847858
1669,174.78902,-36.847857
1670,174.788963,-36.847856
1671,174.788912,-36.847852
1672,174.788863,-36.847849
1673,174.78881,-36.847845
1674,174.788759,-36.847841
1675,174.788709,-36.847837
1676,174.788654,-36.847833
1677,174.788601,-36.847828
1678,174.788549,-36.847822
1679,174.788504,-36.847818
1680,174.78845,-36.847813
1681,174.788402,-36.847809
1682,174.788354,-36.847804
1683,174.788306,-36.8478
1684,174.788259,-36.847796
1685,174.788213,-36.847791
1686,174.788167,-36.847787
1687,174.788121,-36.847783
1688,174.788078,-36.84778
1689,174.788035,-36.847777
1690,174.787994,-36.847774
1691,174.787951,-36.847771
1692,174.787905,-36.847768
1693,174.787876,-36.847766
1694,174.787855,-36.847765
1695,174.787837,-36.847763
1696,174.787829,-36.847763
1697,174.787828,-36.847763
1698,174.787825,-36.847762
1699,174.787826,-36.847763
1700,174.787826,-36.847763
1701,174.787826,-36.847763
1702,174.787827,-36.847763
1703,174.787827,-36.847763
1704,174.787827,-36.847763
1705,174.787827,-36.847763
1706,174.787827,-36.847763
1707,174.787828,-36.847763
1708,174.787829,-36.847763
1709,174.787825,-36.847763
1710,174.787808,-36.847761
1711,174.787783,-36.84776
1712,174.787754,-36.847758
1713,174.787725,-36.847756
1714,174.787694,-36.847753
1715,174.787657,-36.847751
1716,174.787621,-36.847748
1717,174.787584,-36.847745
1718,174.787547,-36.847742
1719,174.787507,-36.847739
1720,174.787465,-36.847736
1721,174.787418,-36.847732
1722,174.787366,-36.847728
1723,174.787319,-36.847725
1724,174.787285,-36.847722
1725,174.787239,-36.847719
1726,174.787195,-36.847715
1727,174.787148,-36.847711
1728,174.787106,-36.847708
1729,174.787062,-36.847705
1730,174.787019,-36.847703
1731,174.786976,-36.8477
1732,174.786933,-36.847697
1733,174.786891,-36.847695
1734,174.786849,-36.847692
1735,174.786808,-36.84769
1736,174.786769,-36.847687
1737,174.78673,-36.847685
1738,174.786692,-36.847682
1739,174.786654,-36.84768
1740,174.786616,-36.847678
1741,174.786581,-36.847676
1742,174.786547,-36.847675
1743,174.786509,-36.847673
1744,174.786475,-36.847671
1745,174.786434,-36.847669
1746,174.786391,-36.847667
1747,174.786348,-36.847665
1748,174.786308,-36.847663
1749,174.78627,-36.847661
1750,174.78623,-36.847659
1751,174.78619,-36.847657
1752,174.786147,-36.847655
1753,174.786109,-36.847653
1754,174.786069,-36.847651
1755,174.786031,-36.847649
1756,174.785994,-36.847647
1757,174.785958,-36.847645
1758,174.785918,-36.847643
1759,174.785883,-36.847642
1760,174.785846,-36.847642
1761,174.78581,-36.847643
1762,174.785777,-36.847643
1763,174.785747,-36.847643
1764,174.785715,-36.847643
1765,174.785687,-36.847644
1766,174.785652,-36.847644
1767,174.785619,-36.847643
1768,174.785585,-36.847642
1769,174.785551,-36.847641
1770,174.785519,-36.847639
1771,174.785487,-36.847638
1772,174.785456,-36.847637
1773,174.785425,-36.847636
1774,174.785388,-36.847634
1775,174.785357,-36.847633
1776,174.785327,-36.847632
1777,174.785295,-36.847631
1778,174.785263,-36.84763
1779,174.785227,-36.84763
1780,174.785194,-36.847631
1781,174.785163,-36.847631
1782,174.785132,-36.847632
1783,174.785101,-36.847633
1784,174.785072,-36.847634
1785,174.785042,-36.847635
1786,174.785015,-36.847635
1787,174.784991,-36.847636
1788,174.784964,-36.847636
1789,174.784936,-36.847635
1790,174.784908,-36.847635
1791,174.784879,-36.847635
1792,174.784849,-36.847635
1793,174.78482,-36.847634
1794,174.784789,-36.847634
1795,174.784761,-36.847633
1796,174.78473,-36.847633
1797,174.784701,-36.847632
1798,174.784671,-36.847631
1799,174.784641,-36.84763
1800,174.784612,-36.847629
1801,174.784584,-36.847628
1802,174.784558,-36.847628
1803,174.784528,-36.847627
1804,174.784499,-36.847626
1805,174.78447,-36.847624
1806,174.78444,-36.847623
1807,174.784408,-36.847622
1808,174.784376,-36.84762
1809,174.784343,-36.847619
1810,174.784311,-36.847617
1811,174.78428,-36.847616
1812,174.784249,-36.847615
1813,174.784218,-36.847613
1814,174.784186,-36.847612
1815,174.784156,-36.847611
1816,174.784126,-36.84761
1817,174.784097,-36.847608
1818,174.784064,-36.847607
1819,174.784031,-36.847606
1820,174.783997,-36.847607
1821,174.78396,-36.847608
1822,174.783922,-36.847609
1823,174.783881,-36.847609
1824,174.783843,-36.847612
1825,174.7838,-36.847616
1826,174.783759,-36.84762
1827,174.783717,-36.847625
1828,174.78368,-36.847629
1829,174.783639,-36.847633
1830,174.783598,-36.847638
1831,174.783559,-36.847642
1832,174.783522,-36.847646
1833,174.783481,-36.847651
1834,174.783441,-36.847656
1835,174.783398,-36.847661
1836,174.783359,-36.847665
1837,174.78332,-36.847669
1838,174.783282,-36.847673
1839,174.783244,-36.847677
1840,174.783201,-36.847681
1841,174.783153,-36.847686
1842,174.783106,-36.847691
1843,174.783057,-36.847696
1844,174.783005,-36.847701
1845,174.782953,-36.847706
1846,174.782894,-36.847712
1847,174.782838,-36.847714
1848,174.782776,-36.847716
1849,174.782717,-36.847718
1850,174.782659,-36.847718
1851,174.7826,-36.847717
1852,174.782542,-36.847717
1853,174.782482,-36.847715
1854,174.782422,-36.847711
1855,174.782362,-36.847707
1856,174.782302,-36.8477
1857,174.78224,-36.847693
1858,174.782177,-36.847685
1859,174.782115,-36.847676
1860,174.782053,-36.847667
1861,174.781989,-36.847656
1862,174.781924,-36.847644
1863,174.781861,-36.847632
1864,174.781799,-36.847621
1865,174.781736,-36.847609
1866,174.781674,-36.847594
1867,174.78161,-36.84758
1868,174.78155,-36.847565
1869,174.781489,-36.84755
1870,174.78143,-36.847533
1871,174.78137,-36.847516
1872,174.781309,-36.847499
1873,174.781249,-36.847483
1874,174.781191,-36.847466
1875,174.781134,-36.847451
1876,174.781078,-36.847435
1877,174.781026,-36.847422
1878,174.780972,-36.847409
1879,174.780919,-36.847396
1880,174.780867,-36.847383
1881,174.780817,-36.84737
1882,174.780769,-36.847358
1883,174.780724,-36.847346
1884,174.780679,-36.847334
1885,174.780633,-36.847322
1886,174.780587,-36.84731
1887,174.780543,-36.847298
1888,174.780498,-36.847287
1889,174.780451,-36.847274
1890,174.780406,-36.847263
1891,174.780361,-36.847252
1892,174.780316,-36.84724
1893,174.780272,-36.847229
1894,174.780232,-36.847219
1895,174.780191,-36.847208
1896,174.780147,-36.847197
1897,174.780101,-36.847185
1898,174.780059,-36.847175
1899,174.780014,-36.847164
1900,174.77997,-36.847152
1901,174.779928,-36.847142
1902,174.779887,-36.847131
1903,174.779846,-36.847121
1904,174.779808,-36.847111
1905,174.77977,-36.847102
1906,174.779733,-36.847092
1907,174.779695,-36.847082
1908,174.779657,-36.847073
1909,174.779618,-36.847063
1910,174.779579,-36.847053
1911,174.779542,-36.847044
1912,174.779504,-36.847034
1913,174.779465,-36.847024
1914,174.779428,-36.847015
1915,174.779388,-36.847004
1916,174.779345,-36.846994
1917,174.779305,-36.846983
1918,174.779262,-36.846973
1919,174.77922,-36.846962
1920,174.779178,-36.846951
1921,174.779137,-36.846941
1922,174.779094,-36.84693
1923,174.77905,-36.846919
1924,174.779005,-36.846907
1925,174.778959,-36.846896
1926,174.778916,-36.846885
1927,174.778872,-36.846874
1928,174.778826,-36.846861
1929,174.778781,-36.846849
1930,174.778736,-36.846837
1931,174.778689,-36.846824
1932,174.778641,-36.846811
1933,174.778593,-36.846798
1934,174.778545,-36.846785
1935,174.778498,-36.846772
1936,174.778445,-36.846757
1937,174.778395,-36.846744
1938,174.778345,-36.84673
1939,174.778293,-36.846716
1940,174.778241,-36.846702
1941,174.778189,-36.846687
1942,174.778136,-36.846673
1943,174.778083,-36.846658
1944,174.778031,-36.846644
1945,174.77798,-36.84663
1946,174.777929,-36.846616
1947,174.777877,-36.846602
1948,174.777825,-36.846588
1949,174.777776,-36.846575
1950,174.777731,-36.846563
1951,174.777681,-36.84655
1952,174.777628,-36.846536
1953,174.777576,-36.846522
1954,174.777524,-36.846508
1955,174.777471,-36.846494
1956,174.777419,-36.84648
1957,174.777367,-36.846466
1958,174.777318,-36.846453
1959,174.777272,-36.846441
1960,174.77722,-36.846427
1961,174.777173,-36.846414
1962,174.777119,-36.8464
1963,174.777068,-36.846386
1964,174.777014,-36.846372
1965,174.776963,-36.846358
1966,174.77691,-36.846344
1967,174.776859,-36.84633
1968,174.776811,-36.846318
1969,174.776759,-36.846304
1970,174.77671,-36.846291
1971,174.77666,-36.846277
1972,174.776608,-36.846263
1973,174.776558,-36.84625
1974,174.776511,-36.846237
1975,174.776463,-36.846224
1976,174.776416,-36.846212
1977,174.77637,-36.846199
1978,174.776324,-36.846187
1979,174.776278,-36.846175
1980,174.776231,-36.846162
1981,174.776188,-36.84615
1982,174.776145,-36.846139
1983,174.776104,-36.846128
1984,174.776063,-36.846117
1985,174.776025,-36.846107
1986,174.775978,-36.846093
1987,174.775934,-36.846078
1988,174.775897,-36.846065
1989,174.775859,-36.846052
1990,174.77582,-36.846039
1991,174.77578,-36.846025
1992,174.775739,-36.846011
1993,174.775697,-36.845996
1994,174.775662,-36.845984
1995,174.775624,-36.845968
1996,174.775592,-36.845954
1997,174.775551,-36.845935
1998,174.775513,-36.845917
1999,174.77548,-36.845901
2000,174.775448,-36.845887
2001,174.775414,-36.84587
2002,174.775383,-36.845855
2003,174.775368,-36.845848
2004,174.775356,-36.845842
2005,174.775361,-36.845825
2006,174.775365,-36.845821
2007,174.775368,-36.845817
2008,174.77537,-36.845815
2009,174.775372,-36.845813
2010,174.775373,-36.845812
2011,174.775372,-36.845812
2012,174.775372,-36.845813
2013,174.775371,-36.845813
2014,174.77537,-36.845814
2015,174.775369,-36.845816
2016,174.775368,-36.845817
2017,174.775368,-36.845817
2018,174.775367,-36.845818
2019,174.775366,-36.845819
2020,174.775366,-36.84582
2021,174.775366,-36.845819
2022,174.775367,-36.845818
2023,174.775369,-36.845816
2024,174.77537,-36.845815
2025,174.77537,-36.845815
2026,174.77537,-36.845815
2027,174.77537,-36.845815
2028,174.77537,-36.845815
2029,174.77537,-36.845815
2030,174.77537,-36.845815
2031,174.77537,-36.845815
2032,174.77537,-36.845815
2033,174.77537,-36.845815
2034,174.77537,-36.845815
2035,174.775371,-36.845814
2036,174.775381,-36.845802
2037,174.775371,-36.845814
2038,174.775371,-36.845813
2039,174.775371,-36.845813
2040,174.775371,-36.845813
2041,174.775371,-36.845813
2042,174.775371,-36.845813
2043,174.775371,-36.845813
2044,174.775371,-36.845814
2045,174.775371,-36.845814
2046,174.775371,-36.845814
2047,174.775371,-36.845814
2048,174.775371,-36.845814
2049,174.775371,-36.845814
2050,174.775371,-36.845814
2051,174.775371,-36.845814
2052,174.775371,-36.845814
2053,174.77537,-36.845815
2054,174.77537,-36.845815
2055,174.77537,-36.845815
2056,174.77537,-36.845815
2057,174.77537,-36.845815
2058,174.77537,-36.845815
2059,174.77537,-36.845815
2060,174.775369,-36.845815
2061,174.775369,-36.845815
2062,174.775369,-36.845815
2063,174.775369,-36.845815
2064,174.775369,-36.845815
2065,174.775369,-36.845815
2066,174.775369,-36.845815
2067,174.775369,-36.845816
2068,174.775369,-36.845816
2069,174.775369,-36.845816
2070,174.775369,-36.845816
2071,174.775369,-36.845816
2072,174.775369,-36.845816
2073,174.775369,-36.845816
2074,174.775369,-36.845816
2075,174.775369,-36.845816
2076,174.775369,-36.845816
2077,174.775369,-36.845816
2078,174.775369,-36.845816
2079,174.775369,-36.845816
2080,174.775369,-36.845816
2081,174.775369,-36.845816
2082,174.775369,-36.845816
2083,174.775369,-36.845816
2084,174.775369,-36.845816
2085,174.775369,-36.845816
2086,174.775369,-36.845816
2087,174.775369,-36.845816
2088,174.775369,-36.845816
2089,174.775369,-36.845816
2090,174.775369,-36.845816
2091,174.775369,-36.845816
2092,174.775369,-36.845816
2093,174.775369,-36.845816
2094,174.775369,-36.845816
2095,174.775369,-36.845816
2096,174.775369,-36.845816
2097,174.775368,-36.845817
2098,174.775368,-36.845817
2099,174.775368,-36.845817
2100,174.775368,-36.845817
2101,174.775367,-36.845818
2102,174.775367,-36.845818
2103,174.775367,-36.845818
2104,174.775367,-36.845818
2105,174.775367,-36.845818
2106,174.775367,-36.845818
2107,174.775366,-36.845819
2108,174.775366,-36.845819
2109,174.775366,-36.845819
2110,174.775366,-36.845819
2111,174.775366,-36.845819
2112,174.775366,-36.845819
2113,174.775366,-36.845819
2114,174.775366,-36.845819
2115,174.775366,-36.845819
2116,174.775366,-36.845819
2117,174.775366,-36.845819
2118,174.775366,-36.845819
2119,174.775366,-36.84582
2120,174.775366,-36.84582
2121,174.775366,-36.84582
2122,174.775366,-36.84582
2123,174.775366,-36.84582
2124,174.775366,-36.84582
2125,174.775365,-36.845821
2126,174.775365,-36.845821
2127,174.775365,-36.845821
2128,174.775365,-36.845821
2129,174.775365,-36.845821
2130,174.775365,-36.845821
2131,174.775364,-36.845822
2132,174.775364,-36.845822
2133,174.775364,-36.845822
2134,174.775364,-36.845822
2135,174.775364,-36.845822
2136,174.775364,-36.845822
2137,174.775364,-36.845822
2138,174.775364,-36.845822
2139,174.775364,-36.845822
2140,174.775364,-36.845822
2141,174.775364,-36.845822
2142,174.775364,-36.845822
2143,174.775363,-36.845822
2144,174.775363,-36.845823
2145,174.775359,-36.845827
2146,174.775333,-36.845858
2147,174.775304,-36.845893
2148,174.775281,-36.845921
2149,174.775258,-36.845948
2150,174.775236,-36.845973
2151,174.775222,-36.845983
2152,174.775177,-36.84599
2153,174.775137,-36.846021
2154,174.77511,-36.846064
2155,174.775102,-36.846081
2156,174.775095,-36.846097
2157,174.775087,-36.846115
2158,174.775081,-36.846128
2159,174.775077,-36.846138
2160,174.77507,-36.846154
2161,174.775062,-36.846171
2162,174.775057,-36.846183
2163,174.775051,-36.846197
2164,174.775042,-36.846215
2165,174.775035,-36.846233
2166,174.775029,-36.846247
2167,174.775024,-36.846261
2168,174.775011,-36.846292
2169,174.775002,-36.846313
2170,174.774999,-36.84632
2171,174.774993,-36.846337
2172,174.774983,-36.84636
2173,174.774962,-36.846413
2174,174.774941,-36.846463
2175,174.774933,-36.846482
2176,174.77497,-36.846632
2177,174.774987,-36.84665
2178,174.774997,-36.846679
2179,174.775004,-36.846724
2180,174.774968,-36.846778
2181,174.774931,-36.846785
2182,174.774901,-36.846794
2183,174.774855,-36.846811
2184,174.774812,-36.846827
2185,174.774773,-36.846844
2186,174.774736,-36.846867
2187,174.774699,-36.846889
2188,174.774664,-36.846915
2189,174.774622,-36.846952
2190,174.774592,-36.846984
2191,174.774565,-36.847018
2192,174.774538,-36.847054
2193,174.77451,-36.847088
2194,174.774484,-36.847122
2195,174.774455,-36.847157
2196,174.774421,-36.847191
2197,174.774389,-36.84722
2198,174.774351,-36.847244
2199,174.774296,-36.847271
2200,174.774249,-36.847292
2201,174.774206,-36.84731
2202,174.774159,-36.847328
2203,174.774121,-36.847342
2204,174.774072,-36.847368
2205,174.774033,-36.847394
2206,174.773996,-36.847417
2207,174.773958,-36.847464
2208,174.773942,-36.847501
2209,174.773961,-36.847538
2210,174.773975,-36.847559
2211,174.773991,-36.847585
2212,174.774013,-36.847618
2213,174.774041,-36.847654
2214,174.774067,-36.847692
2215,174.774091,-36.847727
2216,174.774117,-36.847762
2217,174.774142,-36.847797
2218,174.774167,-36.847837
2219,174.774188,-36.847873
2220,174.774212,-36.847912
2221,174.774233,-36.847948
2222,174.774254,-36.847984
2223,174.774282,-36.848033
2224,174.774317,-36.848055
2225,174.774341,-36.848104
2226,174.774358,-36.848144
2227,174.774377,-36.848185
2228,174.774398,-36.848225
2229,174.77442,-36.848265
2230,174.774437,-36.848296
2231,174.774452,-36.848325
2232,174.774467,-36.848352
2233,174.77448,-36.848384
2234,174.774492,-36.848418
2235,174.774504,-36.848452
2236,174.774519,-36.848492
2237,174.774529,-36.848522
2238,174.77454,-36.848553
2239,174.774551,-36.848583
2240,174.774561,-36.848611
2241,174.774572,-36.848642
2242,174.77458,-36.848663
2243,174.774617,-36.848699
2244,174.774617,-36.848699
2245,174.774617,-36.848699
2246,174.774617,-36.848699
2247,174.774617,-36.848699
2248,174.774617,-36.848699
2249,174.774617,-36.848699
2250,174.774617,-36.848699
2251,174.774609,-36.848673
2252,174.774608,-36.848672
2253,174.774609,-36.848673
2254,174.774609,-36.848673
2255,174.774609,-36.848673
2256,174.774609,-36.848673
2257,174.774609,-36.848673
2258,174.774609,-36.848674
2259,174.774609,-36.848673
2260,174.774609,-36.848674
2261,174.774609,-36.848673
2262,174.774609,-36.848674
2263,174.774609,-36.848675
2264,174.774613,-36.848688
2265,174.774618,-36.848707
2266,174.77462,-36.848725
2267,174.774622,-36.848742
2268,174.774626,-36.848768
2269,174.774495,-36.848804
2270,174.774458,-36.848827
2271,174.774441,-36.848858
2272,174.774426,-36.848885
2273,174.774412,-36.84891
2274,174.774395,-36.848949
2275,174.774403,-36.848983
2276,174.774409,-36.849014
2277,174.774416,-36.849047
2278,174.774422,-36.849078
2279,174.774426,-36.849108
2280,174.774431,-36.849144
2281,174.774436,-36.849174
2282,174.77444,-36.849206
2283,174.774443,-36.849239
2284,174.774446,-36.849271
2285,174.774448,-36.849302
2286,174.774451,-36.849333
2287,174.774454,-36.849366
2288,174.774456,-36.849399
2289,174.774459,-36.84943
2290,174.77446,-36.849463
2291,174.77446,-36.849496
2292,174.774459,-36.849532
2293,174.774459,-36.849568
2294,174.774459,-36.849603
2295,174.774459,-36.849636
2296,174.774458,-36.849672
2297,174.774458,-36.849706
2298,174.774456,-36.849741
2299,174.774453,-36.849776
2300,174.774449,-36.849813
2301,174.774446,-36.849851
2302,174.774443,-36.849886
2303,174.77444,-36.849924
2304,174.774437,-36.849959
2305,174.774431,-36.849997
2306,174.774425,-36.850034
2307,174.774419,-36.850071
2308,174.774413,-36.850109
2309,174.774407,-36.850148
2310,174.774401,-36.850188
2311,174.774396,-36.850227
2312,174.77438,-36.850265
2313,174.774365,-36.850298
2314,174.774341,-36.850331
2315,174.774318,-36.850356
2316,174.774299,-36.850375
2317,174.774262,-36.8504
2318,174.774232,-36.850423
2319,174.774203,-36.850445
2320,174.774174,-36.850466
2321,174.774148,-36.850486
2322,174.774119,-36.850509
2323,174.774091,-36.850534
2324,174.774068,-36.85056
2325,174.774042,-36.850595
2326,174.774023,-36.850625
2327,174.774005,-36.850654
2328,174.773988,-36.850681
2329,174.773971,-36.850708
2330,174.773951,-36.850742
2331,174.773939,-36.850772
2332,174.773925,-36.850805
2333,174.773912,-36.850837
2334,174.773903,-36.850876
2335,174.773895,-36.850912
2336,174.773888,-36.850946
2337,174.773881,-36.850978
2338,174.773875,-36.851007
2339,174.773868,-36.85104
2340,174.773861,-36.851073
2341,174.773854,-36.851107
2342,174.773847,-36.851139
2343,174.773841,-36.851168
2344,174.773834,-36.851197
2345,174.773827,-36.851226
2346,174.773821,-36.851252
2347,174.773815,-36.851279
2348,174.773808,-36.851307
2349,174.773802,-36.851334
2350,174.773795,-36.851363
2351,174.773788,-36.851391
2352,174.773782,-36.85142
2353,174.773776,-36.851447
2354,174.773769,-36.851474
2355,174.773763,-36.8515
2356,174.773758,-36.851523
2357,174.773752,-36.851545
2358,174.773747,-36.851568
2359,174.773742,-36.851589
2360,174.773737,-36.851612
2361,174.773731,-36.851635
2362,174.773726,-36.851657
2363,174.773721,-36.851678
2364,174.773716,-36.851701
2365,174.773711,-36.851725
2366,174.773706,-36.851747
2367,174.773701,-36.85177
2368,174.773696,-36.851792
2369,174.773691,-36.851815
2370,174.773687,-36.851834
2371,174.773683,-36.851852
2372,174.773679,-36.851871
2373,174.773674,-36.851891
2374,174.77367,-36.851913
2375,174.773665,-36.851934
2376,174.773661,-36.851951
2377,174.773657,-36.85197
2378,174.77365,-36.852003
2379,174.773659,-36.85202
2380,174.773668,-36.852037
2381,174.77369,-36.85206
2382,174.773699,-36.852068
2383,174.773702,-36.85207
2384,174.773706,-36.852073
2385,174.773736,-36.852097
2386,174.773735,-36.852108
2387,174.773734,-36.852131
2388,174.773732,-36.852156
2389,174.773731,-36.852179
2390,174.77373,-36.852194
2391,174.773727,-36.85221
2392,174.773725,-36.852216
2393,174.773723,-36.852226
2394,174.773719,-36.852241
2395,174.773723,-36.85225
2396,174.773734,-36.852256
2397,174.773737,-36.852258
2398,174.773736,-36.852258
2399,174.773737,-36.852258
2400,174.773739,-36.852259
2401,174.773741,-36.85226
2402,174.773781,-36.852282
2403,174.773657,-36.852329
2404,174.773647,-36.852322
2405,174.773638,-36.852316
2406,174.773632,-36.852311
2407,174.773625,-36.852306
2408,174.773619,-36.852302
2409,174.773612,-36.852297
2410,174.773607,-36.852293
2411,174.773597,-36.852286
2412,174.773587,-36.852279
2413,174.773569,-36.852267
2414,174.773555,-36.852256
2415,174.773545,-36.852249
2416,174.773535,-36.852243
2417,174.773524,-36.852234
2418,174.773511,-36.852225
2419,174.773502,-36.852218
2420,174.773496,-36.852214
2421,174.773486,-36.852206
2422,174.773478,-36.8522
2423,174.773472,-36.852195
2424,174.773465,-36.85219
2425,174.773461,-36.852187
2426,174.773455,-36.852183
2427,174.773449,-36.852178
2428,174.773442,-36.852173
2429,174.773435,-36.852167
2430,174.773427,-36.852161
2431,174.773418,-36.852153
2432,174.773411,-36.852149
2433,174.773387,-36.85213
2434,174.773384,-36.852124
2435,174.773381,-36.852117
2436,174.773377,-36.852109
2437,174.773373,-36.8521
2438,174.77337,-36.852094
2439,174.773366,-36.852084
2440,174.773362,-36.852076
2441,174.773358,-36.852067
2442,174.773353,-36.852056
2443,174.773351,-36.852052
2444,174.773347,-36.852036
2445,174.773345,-36.852029
2446,174.773343,-36.852017
2447,174.773341,-36.852009
2448,174.77334,-36.852002
2449,174.773339,-36.851995
2450,174.773337,-36.851986
2451,174.773334,-36.851973
2452,174.773333,-36.851959
2453,174.773331,-36.851948
2454,174.77333,-36.851938
2455,174.773329,-36.851929
2456,174.773328,-36.851919
2457,174.773327,-36.851907
2458,174.773326,-36.851895
2459,174.773326,-36.851883
2460,174.773326,-36.851871
2461,174.773325,-36.851859
2462,174.773325,-36.851847
2463,174.773326,-36.851833
2464,174.773327,-36.851822
2465,174.773328,-36.851811
2466,174.77333,-36.851798
2467,174.773331,-36.851784
2468,174.773333,-36.851769
2469,174.773335,-36.851756
2470,174.773337,-36.851743
2471,174.77334,-36.85173
2472,174.773342,-36.851718
2473,174.773344,-36.851706
2474,174.773346,-36.851694
2475,174.773348,-36.851682
2476,174.77335,-36.851672
2477,174.773352,-36.851663
2478,174.773354,-36.851653
2479,174.773355,-36.851645
2480,174.773357,-36.851634
2481,174.773358,-36.851626
2482,174.773361,-36.851613
2483,174.773363,-36.851602
2484,174.773365,-36.85159
2485,174.773367,-36.851579
2486,174.773369,-36.851567
2487,174.773371,-36.851556
2488,174.773373,-36.851544
2489,174.773375,-36.851532
2490,174.773376,-36.851523
2491,174.773377,-36.851512
2492,174.773377,-36.851501
2493,174.773378,-36.851489
2494,174.773379,-36.851477
2495,174.773379,-36.851466
2496,174.77338,-36.851456
2497,174.77338,-36.851449
2498,174.77338,-36.851439
2499,174.773379,-36.85143
2500,174.773379,-36.851418
2501,174.773378,-36.851407
2502,174.773378,-36.851397
2503,174.773377,-36.851385
2504,174.773377,-36.851374
2505,174.773374,-36.851361
2506,174.773372,-36.851349
2507,174.773371,-36.851339
2508,174.773369,-36.851327
2509,174.773367,-36.851317
2510,174.773365,-36.851307
2511,174.773364,-36.851298
2512,174.773362,-36.85129
2513,174.77336,-36.851282
2514,174.773359,-36.851276
2515,174.773357,-36.851266
2516,174.773354,-36.851258
2517,174.773352,-36.851246
2518,174.773349,-36.851235
2519,174.773347,-36.851224
2520,174.773346,-36.851221
2521,174.773344,-36.851213
2522,174.773342,-36.851203
2523,174.77334,-36.851197
2524,174.773339,-36.851192
2525,174.773336,-36.851183
2526,174.77333,-36.851169
2527,174.773327,-36.851159
2528,174.773324,-36.851153
2529,174.773323,-36.851149
2530,174.773319,-36.851138
2531,174.773317,-36.851133
2532,174.773314,-36.851127
2533,174.773311,-36.851117
2534,174.773308,-36.851109
2535,174.773305,-36.851101
2536,174.773301,-36.851091
2537,174.773298,-36.851084
2538,174.773293,-36.851074
2539,174.773289,-36.851066
2540,174.773282,-36.851052
2541,174.773276,-36.851039
2542,174.773271,-36.85103
2543,174.773267,-36.85102
2544,174.773264,-36.851013
2545,174.773259,-36.851004
2546,174.773254,-36.850995
2547,174.773249,-36.850985
2548,174.773245,-36.850977
2549,174.773241,-36.850972
2550,174.773237,-36.850964
2551,174.773234,-36.850957
2552,174.773229,-36.850949
2553,174.773226,-36.850943
2554,174.773221,-36.850935
2555,174.773215,-36.850928
2556,174.773209,-36.850919
2557,174.773201,-36.850909
2558,174.773195,-36.8509
2559,174.773189,-36.850892
2560,174.773183,-36.850884
2561,174.773176,-36.850875
2562,174.773168,-36.850866
2563,174.773162,-36.850857
2564,174.773155,-36.850849
2565,174.773148,-36.850842
2566,174.773141,-36.850835
2567,174.773132,-36.850826
2568,174.773121,-36.850815
2569,174.773114,-36.850808
2570,174.773107,-36.850801
2571,174.773098,-36.850792
2572,174.773091,-36.850785
2573,174.773084,-36.850778
2574,174.773078,-36.850772
2575,174.77307,-36.850764
2576,174.773062,-36.850756
2577,174.773055,-36.850749
2578,174.773048,-36.850742
2579,174.773039,-36.850733
2580,174.773032,-36.850726
2581,174.773023,-36.850719
2582,174.773016,-36.850712
2583,174.773007,-36.850703
2584,174.772998,-36.850696
2585,174.772991,-36.850689
2586,174.772984,-36.850683
2587,174.772978,-36.850677
2588,174.77297,-36.85067
2589,174.772962,-36.850663
2590,174.772954,-36.850655
2591,174.772947,-36.850649
2592,174.772942,-36.850644
2593,174.772934,-36.850637
2594,174.772928,-36.850632
2595,174.77292,-36.850625
2596,174.772912,-36.850617
2597,174.772905,-36.850612
2598,174.772898,-36.850605
2599,174.77289,-36.850599
2600,174.772883,-36.850594
2601,174.772876,-36.850588
2602,174.772872,-36.850585
2603,174.772869,-36.850582
2604,174.772861,-36.850576
2605,174.772861,-36.850576
2606,174.772851,-36.850568
2607,174.772848,-36.850565
2608,174.772842,-36.850561
2609,174.772835,-36.850555
2610,174.772827,-36.850549
2611,174.772823,-36.850546
2612,174.772812,-36.850537
2613,174.772799,-36.850527
2614,174.772779,-36.85051
2615,174.772763,-36.850498
2616,174.772752,-36.850489
2617,174.772741,-36.85048
2618,174.772733,-36.850474
2619,174.772725,-36.850467
2620,174.772714,-36.850458
2621,174.772707,-36.850453
2622,174.772698,-36.850446
2623,174.772692,-36.850441
2624,174.772687,-36.850436
2625,174.772684,-36.850434
2626,174.772676,-36.850428
2627,174.772658,-36.850413
2628,174.772649,-36.850406
2629,174.772639,-36.850398
2630,174.772626,-36.850388
2631,174.772616,-36.85038
2632,174.772603,-36.850369
2633,174.772591,-36.85036
2634,174.772582,-36.850353
2635,174.772566,-36.85034
2636,174.772552,-36.850328
2637,174.772542,-36.85032
2638,174.772533,-36.850312
2639,174.772569,-36.850266
2640,174.772576,-36.850261
2641,174.772583,-36.850255
2642,174.772626,-36.850218
2643,174.772626,-36.850218
2644,174.772626,-36.850218
2645,174.772626,-36.850218
2646,174.772626,-36.850218
2647,174.772626,-36.850218
2648,174.772626,-36.850218
2649,174.772626,-36.850218
2650,174.772626,-36.850218
2651,174.772626,-36.850218
2652,174.772626,-36.850218
2653,174.772626,-36.850218
2654,174.772626,-36.850218
2655,174.772626,-36.850218
2656,174.772626,-36.850218
2657,174.772626,-36.850218
2658,174.772626,-36.850218
2659,174.772626,-36.850218
2660,174.772626,-36.850218
2661,174.772626,-36.850218
2662,174.772626,-36.850218
2663,174.772626,-36.850218
2664,174.772626,-36.850218
2665,174.772626,-36.850218
2666,174.772626,-36.850218
2667,174.772626,-36.850218
2668,174.772626,-36.850218
2669,174.772626,-36.850218
2670,174.772626,-36.850218
2671,174.77259,-36.850249
2672,174.77259,-36.850249
2673,174.77259,-36.850249
2674,174.77259,-36.850249
2675,174.77259,-36.850249
2676,174.77259,-36.850249
2677,174.77259,-36.850249
2678,174.77259,-36.850249
2679,174.77259,-36.850249
2680,174.77259,-36.850249
2681,174.77259,-36.850249
2682,174.77259,-36.850249
2683,174.77259,-36.850249
2684,174.77259,-36.850249
2685,174.77259,-36.850249
2686,174.77259,-36.850249
2687,174.77259,-36.850249
2688,174.77259,-36.850249
2689,174.77259,-36.850249
2690,174.772589,-36.850249
2691,174.772589,-36.850249
2692,174.772589,-36.850249
2693,174.772589,-36.850249
2694,174.772589,-36.850249
2695,174.772589,-36.850249
2696,174.772589,-36.850249
2697,174.772589,-36.850249
2698,174.772589,-36.850249
2699,174.772589,-36.850249
2700,174.772589,-36.850249
2701,174.772589,-36.850249
2702,174.772589,-36.850249
2703,174.772589,-36.850249
2704,174.772589,-36.850249
2705,174.772589,-36.850249
2706,174.772589,-36.850249
2707,174.772589,-36.850249
2708,174.772589,-36.850249
2709,174.772589,-36.850249
2710,174.772589,-36.85025
2711,174.772579,-36.850258
2712,174.772567,-36.850268
2713,174.772554,-36.85028
2714,174.772542,-36.85029
2715,174.77253,-36.8503
2716,174.772519,-36.850309
2717,174.772507,-36.85032
2718,174.772494,-36.85033
2719,174.77248,-36.850342
2720,174.77247,-36.850351
2721,174.772461,-36.850359
2722,174.772453,-36.850365
2723,174.772446,-36.850371
2724,174.772444,-36.850373
2725,174.772444,-36.850373
2726,174.772444,-36.850373
2727,174.772434,-36.85038
2728,174.772433,-36.85038
2729,174.772429,-36.850383
2730,174.772415,-36.850393
2731,174.772407,-36.850399
2732,174.772399,-36.850404
2733,174.772395,-36.850407
2734,174.77238,-36.850418
2735,174.772368,-36.850426
2736,174.772357,-36.850435
2737,174.772351,-36.850439
2738,174.772343,-36.850446
2739,174.772332,-36.850455
2740,174.772319,-36.850465
2741,174.772303,-36.850477
2742,174.772284,-36.850493
2743,174.772265,-36.850508
2744,174.77224,-36.850528
2745,174.772215,-36.850548
2746,174.772186,-36.850571
2747,174.772158,-36.850593
2748,174.772131,-36.850615
2749,174.772108,-36.850634
2750,174.772084,-36.850652
2751,174.772061,-36.850671
2752,174.772036,-36.850691
2753,174.772007,-36.850714
2754,174.77198,-36.850735
2755,174.771954,-36.850756
2756,174.771928,-36.850776
2757,174.771902,-36.850797
2758,174.771879,-36.850816
2759,174.771856,-36.850834
2760,174.771834,-36.850852
2761,174.771815,-36.850866
2762,174.771797,-36.85088
2763,174.771779,-36.850895
2764,174.771764,-36.850907
2765,174.771751,-36.850918
2766,174.771732,-36.850933
2767,174.771709,-36.850951
2768,174.771688,-36.850968
2769,174.771668,-36.850984
2770,174.771653,-36.850996
2771,174.771631,-36.851013
2772,174.771606,-36.851033
2773,174.77159,-36.851046
2774,174.771579,-36.851054
2775,174.771562,-36.851068
2776,174.771538,-36.851087
2777,174.771522,-36.8511
2778,174.771502,-36.851115
2779,174.77148,-36.851132
2780,174.771457,-36.851151
2781,174.771433,-36.85117
2782,174.771411,-36.851187
2783,174.771389,-36.851205
2784,174.771365,-36.851224
2785,174.771341,-36.851242
2786,174.771321,-36.851258
2787,174.771296,-36.851278
2788,174.771273,-36.851296
2789,174.771249,-36.851314
2790,174.77123,-36.85133
2791,174.771204,-36.85135
2792,174.771182,-36.851367
2793,174.771135,-36.851404
2794,174.771098,-36.851433
2795,174.771059,-36.851463
2796,174.771036,-36.851481
2797,174.771016,-36.851497
2798,174.770991,-36.851516
2799,174.770971,-36.851532
2800,174.770952,-36.851547
2801,174.770932,-36.851563
2802,174.770905,-36.851584
2803,174.770877,-36.851605
2804,174.770851,-36.851626
2805,174.770828,-36.851644
2806,174.770805,-36.851662
2807,174.770779,-36.851682
2808,174.770751,-36.851704
2809,174.770725,-36.851724
2810,174.770705,-36.85174
2811,174.770687,-36.851754
2812,174.770687,-36.851754
2813,174.770687,-36.851754
2814,174.770687,-36.851754
2815,174.770687,-36.851754
2816,174.770687,-36.851754
2817,174.770687,-36.851754
2818,174.770687,-36.851754
2819,174.770687,-36.851754
2820,174.770687,-36.851754
2821,174.770687,-36.851754
2822,174.770687,-36.851754
2823,174.770687,-36.851754
2824,174.770687,-36.851754
2825,174.770687,-36.851754
2826,174.770687,-36.851754
2827,174.770687,-36.851754
2828,174.770687,-36.851754
2829,174.770687,-36.851754
2830,174.770687,-36.851754
2831,174.770687,-36.851754
2832,174.770687,-36.851754
2833,174.770687,-36.851754
2834,174.770687,-36.851754
2835,174.770687,-36.851754
2836,174.770687,-36.851754
2837,174.770687,-36.851754
2838,174.770687,-36.851754
2839,174.770687,-36.851754
2840,174.770687,-36.851754
2841,174.770687,-36.851754
2842,174.770687,-36.851754
2843,174.770687,-36.851754
2844,174.770687,-36.851754
2845,174.770687,-36.851754
2846,174.770687,-36.851754
2847,174.770687,-36.851754
2848,174.770687,-36.851754
2849,174.770687,-36.851754
2850,174.770687,-36.851754
2851,174.770687,-36.851754
2852,174.770687,-36.851754
2853,174.770687,-36.851754
2854,174.770687,-36.851754
2855,174.770628,-36.851801
2856,174.770628,-36.851801
2857,174.770628,-36.851801
2858,174.770628,-36.851801
2859,174.770628,-36.851801
2860,174.770628,-36.851801
2861,174.770628,-36.851801
2862,174.770628,-36.851801
2863,174.770628,-36.851801
2864,174.770628,-36.851801
2865,174.770628,-36.851801
2866,174.770628,-36.851801
2867,174.770628,-36.851801
2868,174.770628,-36.851801
2869,174.770628,-36.851801
2870,174.770627,-36.851802
2871,174.770627,-36.851802
2872,174.770626,-36.851803
2873,174.770604,-36.85182
2874,174.770587,-36.851839
2875,174.770567,-36.851863
2876,174.770543,-36.851891
2877,174.770518,-36.851916
2878,174.77049,-36.851943
2879,174.770419,-36.851946
2880,174.770318,-36.851925
2881,174.770289,-36.851954
2882,174.770259,-36.851984
2883,174.77023,-36.852014
2884,174.770199,-36.852046
2885,174.770173,-36.852072
2886,174.770147,-36.852098
2887,174.77012,-36.852125
2888,174.770098,-36.852148
2889,174.770079,-36.852168
2890,174.770056,-36.85219
2891,174.770032,-36.852214
2892,174.770005,-36.852241
2893,174.769984,-36.852262
2894,174.769961,-36.852286
2895,174.769939,-36.852308
2896,174.769919,-36.852328
2897,174.769898,-36.852349
2898,174.76988,-36.852367
2899,174.769867,-36.85238
2900,174.769853,-36.852394
2901,174.769838,-36.852409
2902,174.769816,-36.852431
2903,174.769783,-36.852465
2904,174.769759,-36.852488
2905,174.769737,-36.852511
2906,174.769714,-36.852534
2907,174.769686,-36.852562
2908,174.769665,-36.852583
2909,174.769644,-36.852605
2910,174.769625,-36.852623
2911,174.769611,-36.852637
2912,174.769602,-36.852647
2913,174.769591,-36.852658
2914,174.769573,-36.852675
2915,174.769562,-36.852686
2916,174.769549,-36.852699
2917,174.769535,-36.852714
2918,174.769529,-36.85272
2919,174.769528,-36.852721
2920,174.769529,-36.85272
2921,174.769529,-36.85272
2922,174.769529,-36.852719
2923,174.769525,-36.852724
2924,174.769521,-36.852728
2925,174.769518,-36.852731
2926,174.769506,-36.852743
2927,174.769495,-36.852754
2928,174.769484,-36.852765
2929,174.769475,-36.852774
2930,174.769468,-36.852781
2931,174.769462,-36.852787
2932,174.769457,-36.852792
2933,174.769457,-36.852792
2934,174.76945,-36.852799
2935,174.769441,-36.852808
2936,174.769423,-36.852826
2937,174.769422,-36.852827
2938,174.769422,-36.852827
2939,174.769422,-36.852827
2940,174.769423,-36.852826
2941,174.769422,-36.852827
2942,174.769422,-36.852827
2943,174.769422,-36.852827
2944,174.769419,-36.852825
2945,174.769399,-36.852813
2946,174.769378,-36.852799
2947,174.769373,-36.852796
2948,174.769357,-36.852785
2949,174.769343,-36.852776
2950,174.769319,-36.852759
2951,174.769319,-36.852759
2952,174.769319,-36.852759
2953,174.769319,-36.852759
2954,174.769319,-36.852759
2955,174.769319,-36.852759
2956,174.769319,-36.852759
2957,174.769319,-36.852759
2958,174.769319,-36.852759
2959,174.769319,-36.852759
2960,174.769319,-36.852759
2961,174.769319,-36.852759
2962,174.769319,-36.852759
2963,174.769319,-36.852759
2964,174.769319,-36.852759
2965,174.769319,-36.852759
2966,174.769319,-36.852759
2967,174.769319,-36.852759
2968,174.769319,-36.852759
2969,174.769319,-36.852759
2970,174.769319,-36.852759
2971,174.769319,-36.852759
2972,174.769319,-36.852759
2973,174.769319,-36.852759
2974,174.769319,-36.852759
2975,174.769319,-36.852759
2976,174.769319,-36.852759
2977,174.769319,-36.852759
2978,174.769319,-36.852759
2979,174.769319,-36.852759
2980,174.769319,-36.852759
2981,174.769319,-36.852759
2982,174.769319,-36.852759
2983,174.769319,-36.852759
2984,174.769319,-36.852759
2985,174.769319,-36.852759
2986,174.769319,-36.852759
2987,174.769319,-36.852759
2988,174.769319,-36.852759
2989,174.769319,-36.852759
2990,174.769319,-36.852759
2991,174.769319,-36.852759
2992,174.769319,-36.852759
2993,174.769319,-36.852759
2994,174.769096,-36.852983
2995,174.769088,-36.85299
2996,174.769063,-36.853016
2997,174.769045,-36.853033
2998,174.769031,-36.853048
2999,174.769026,-36.853052
3000,174.769024,-36.853054
3001,174.769023,-36.853056
3002,174.769016,-36.853062
3003,174.769016,-36.853062
3004,174.769006,-36.853072
3005,174.768996,-36.853082
3006,174.768992,-36.853086
3007,174.768963,-36.853115
3008,174.768963,-36.853115
3009,174.768876,-36.853058
3010,174.768873,-36.853056
3011,174.76887,-36.853054
3012,174.768869,-36.853054
3013,174.768869,-36.853053
3014,174.768869,-36.853054
3015,174.768864,-36.85305
3016,174.768846,-36.853038
3017,174.768829,-36.853028
3018,174.768817,-36.853019
3019,174.768812,-36.853017
3020,174.7688,-36.853008
3021,174.768796,-36.853006
3022,174.768793,-36.853004
3023,174.768792,-36.853003
3024,174.768789,-36.853002
3025,174.768797,-36.853007
3026,174.768793,-36.853004
3027,174.768793,-36.853004
3028,174.768794,-36.853005
3029,174.768801,-36.853009
3030,174.768808,-36.853014
3031,174.768808,-36.853014
3032,174.768813,-36.853017
3033,174.768819,-36.853021
3034,174.768826,-36.853025
3035,174.768828,-36.853027
3036,174.768829,-36.853027
3037,174.768831,-36.853029
3038,174.768832,-36.85303
3039,174.768835,-36.853031
3040,174.768837,-36.853032
3041,174.768839,-36.853034
3042,174.768847,-36.853039
3043,174.768859,-36.853047
3044,174.768864,-36.85305
3045,174.768865,-36.853051
3046,174.768868,-36.853053
3047,174.768865,-36.853051
3048,174.768865,-36.853051
3049,174.768865,-36.853051
3050,174.768864,-36.85305
3051,174.768865,-36.853051
3052,174.768867,-36.853052
3053,174.768867,-36.853052
3054,174.768868,-36.853053
3055,174.768868,-36.853053
3056,174.76887,-36.853054
3057,174.768871,-36.853055
3058,174.768874,-36.853057
3059,174.768875,-36.853057
3060,174.768877,-36.853059
3061,174.76888,-36.853061
3062,174.768963,-36.853115
3063,174.76896,-36.853118
3064,174.768948,-36.85313
3065,174.768942,-36.853136
